"STATION","DATE","PRCP","SNOW","DAPR","MDPR","SNWD","WESD"
"US1DCDC0009",2008-01-14,10,0,NA,NA,NA,NA
"US1DCDC0009",2008-01-15,0,0,NA,NA,NA,NA
"US1DCDC0009",2008-01-28,0,0,NA,NA,NA,NA
"US1DCDC0009",2008-01-29,10,0,NA,NA,NA,NA
"US1DCDC0009",2008-01-30,10,0,NA,NA,NA,NA
"US1DCDC0009",2008-01-31,0,0,NA,NA,NA,NA
"US1DCDC0009",2008-02-01,175,0,NA,NA,NA,NA
"US1DCDC0009",2008-02-02,351,0,NA,NA,NA,NA
"US1DCDC0009",2008-02-04,0,0,NA,NA,NA,NA
"US1DCDC0009",2008-02-05,8,0,NA,NA,NA,NA
"US1DCDC0009",2008-02-07,NA,NA,2,23,NA,NA
"US1DCDC0009",2008-02-08,0,0,NA,NA,NA,NA
"US1DCDC0009",2008-03-28,10,0,NA,NA,NA,NA
"US1DCDC0009",2008-03-29,0,0,NA,NA,NA,NA
"US1DCDC0009",2008-03-30,0,0,NA,NA,NA,NA
"US1DCDC0009",2008-03-31,0,0,NA,NA,NA,NA
"US1DCDC0009",2008-04-01,23,0,NA,NA,NA,NA
"US1DCDC0009",2008-04-03,NA,NA,3,36,NA,NA
"US1DCDC0009",2008-04-04,198,0,NA,NA,NA,NA
"US1DCDC0009",2008-04-05,0,0,NA,NA,NA,NA
"US1DCDC0009",2008-04-06,124,0,NA,NA,NA,NA
"US1DCDC0009",2008-04-07,3,0,NA,NA,NA,NA
"US1DCDC0009",2008-04-08,0,0,NA,NA,NA,NA
"US1DCDC0009",2008-04-09,3,0,NA,NA,NA,NA
"US1DCDC0009",2008-04-11,0,0,NA,NA,NA,NA
"US1DCDC0009",2008-04-12,25,0,NA,NA,NA,NA
"US1DCDC0009",2008-04-16,0,0,NA,NA,NA,NA
"US1DCDC0009",2008-04-17,0,0,NA,NA,NA,NA
"US1DCDC0009",2008-04-21,NA,NA,4,533,NA,NA
"US1DCDC0009",2008-04-22,170,0,NA,NA,NA,NA
"US1DCDC0009",2008-04-25,0,0,NA,NA,NA,NA
"US1DCDC0009",2008-04-26,0,0,NA,NA,NA,NA
"US1DCDC0009",2008-04-27,76,0,NA,NA,NA,NA
"US1DCDC0009",2008-04-28,33,0,NA,NA,NA,NA
"US1DCDC0009",2008-04-29,249,0,NA,NA,NA,NA
"US1DCDC0009",2008-05-08,8,0,NA,NA,NA,NA
"US1DCDC0009",2008-05-09,648,0,NA,NA,NA,NA
"US1DCDC0009",2008-05-10,241,0,NA,NA,NA,NA
"US1DCDC0009",2008-06-11,107,0,NA,NA,NA,NA
"US1DCDC0009",2008-06-16,NA,NA,4,33,NA,NA
"US1DCDC0009",2008-06-17,203,0,NA,NA,NA,NA
"US1DCDC0009",2008-07-06,NA,NA,19,211,NA,NA
"US1DCDC0009",2008-07-07,114,0,NA,NA,NA,NA
"US1DCDC0009",2008-07-18,198,0,NA,NA,NA,NA
"US1DCDC0009",2008-07-23,25,0,NA,NA,NA,NA
"US1DCDC0009",2008-07-24,305,0,NA,NA,NA,NA
"US1DCDC0009",2008-07-25,0,0,NA,NA,NA,NA
"US1DCDC0009",2008-07-28,NA,NA,4,152,NA,NA
"US1DCDC0009",2008-07-31,NA,NA,6,0,NA,NA
"US1DCDC0009",2008-08-01,0,0,NA,NA,NA,NA
"US1DCDC0009",2008-08-02,53,0,NA,NA,NA,NA
"US1DCDC0009",2008-08-03,46,0,NA,NA,NA,NA
"US1DCDC0009",2008-08-04,0,0,NA,NA,NA,NA
"US1DCDC0009",2008-08-05,0,0,NA,NA,NA,NA
"US1DCDC0009",2008-08-06,0,0,NA,NA,NA,NA
"US1DCDC0009",2008-08-07,0,0,NA,NA,NA,NA
"US1DCDC0009",2008-08-08,0,0,NA,NA,NA,NA
"US1DCDC0009",2008-08-09,0,0,NA,NA,NA,NA
"US1DCDC0009",2008-08-10,0,0,NA,NA,NA,NA
"US1DCDC0009",2008-08-11,0,0,NA,NA,NA,NA
"US1DCDC0009",2008-08-12,0,0,NA,NA,NA,NA
"US1DCDC0009",2008-08-13,0,0,NA,NA,NA,NA
"US1DCDC0009",2008-08-14,0,0,NA,NA,NA,NA
"US1DCDC0009",2008-08-15,66,0,NA,NA,NA,NA
"US1DCDC0009",2008-09-07,NA,NA,2,963,NA,NA
"US1DCDC0009",2008-09-08,0,0,NA,NA,NA,NA
"US1DCDC0009",2008-09-09,0,0,NA,NA,NA,NA
"US1DCDC0009",2008-09-10,46,0,NA,NA,NA,NA
"US1DCDC0009",2008-09-26,74,0,NA,NA,NA,NA
"US1DCDC0009",2008-09-27,241,0,NA,NA,NA,NA
"US1DCDC0009",2008-09-28,10,0,NA,NA,NA,NA
"US1DCDC0009",2008-09-29,48,0,NA,NA,NA,NA
"US1DCDC0009",2008-09-30,0,0,NA,NA,NA,NA
"US1DCDC0009",2008-10-01,99,0,NA,NA,NA,NA
"US1DCDC0009",2008-10-02,10,0,NA,NA,NA,NA
"US1DCDC0009",2008-10-26,NA,NA,3,249,NA,NA
"US1DCDC0009",2008-10-28,74,0,NA,NA,NA,NA
"US1DCDC0009",2008-11-05,23,0,NA,NA,NA,NA
"US1DCDC0009",2008-11-06,8,0,NA,NA,NA,NA
"US1DCDC0009",2008-11-07,0,0,NA,NA,NA,NA
"US1DCDC0009",2008-11-08,0,0,NA,NA,NA,NA
"US1DCDC0009",2008-11-09,0,0,NA,NA,NA,NA
"US1DCDC0009",2008-11-10,0,0,NA,NA,NA,NA
"US1DCDC0009",2008-11-11,0,0,NA,NA,NA,NA
"US1DCDC0009",2008-11-12,0,0,NA,NA,NA,NA
"US1DCDC0009",2008-11-13,3,0,NA,NA,NA,NA
"US1DCDC0009",2008-11-14,193,0,NA,NA,NA,NA
"US1DCDC0009",2008-11-15,137,0,NA,NA,NA,NA
"US1DCDC0009",2008-11-16,51,0,NA,NA,NA,NA
"US1DCDC0009",2008-11-25,25,0,NA,NA,NA,NA
"US1DCDC0009",2008-12-07,5,0,NA,NA,NA,NA
"US1DCDC0009",2008-12-10,13,0,NA,NA,NA,NA
"US1DCDC0009",2008-12-11,46,0,NA,NA,NA,NA
"US1DCDC0009",2008-12-12,419,0,NA,NA,NA,NA
"US1DCDC0009",2008-12-16,28,NA,NA,NA,NA,NA
"US1DCDC0009",2008-12-17,170,NA,NA,NA,NA,NA
"US1DCDC0009",2008-12-18,0,NA,NA,NA,NA,NA
"US1DCDC0009",2008-12-19,5,NA,NA,NA,NA,NA
"US1DCDC0009",2008-12-21,33,NA,NA,NA,NA,NA
"US1DCDC0009",2009-01-07,NA,NA,2,368,NA,NA
"US1DCDC0009",2009-01-08,135,NA,NA,NA,NA,NA
"US1DCDC0009",2009-01-11,61,NA,NA,NA,NA,NA
"US1DCDC0009",2009-01-12,0,0,NA,NA,NA,NA
"US1DCDC0009",2009-01-27,13,13,NA,NA,13,NA
"US1DCDC0009",2009-01-28,119,13,NA,NA,25,NA
"US1DCDC0009",2009-01-29,43,NA,NA,NA,NA,NA
"US1DCDC0009",2009-02-03,8,NA,NA,NA,NA,NA
"US1DCDC0009",2009-02-12,13,NA,NA,NA,NA,NA
"US1DCDC0009",2009-02-19,43,NA,NA,NA,NA,NA
"US1DCDC0009",2009-02-20,5,NA,NA,NA,NA,NA
"US1DCDC0009",2009-03-15,30,NA,NA,NA,NA,NA
"US1DCDC0009",2009-03-16,46,NA,NA,NA,NA,NA
"US1DCDC0009",2009-03-17,28,NA,NA,NA,NA,NA
"US1DCDC0009",2009-03-20,18,NA,NA,NA,NA,NA
"US1DCDC0009",2009-03-29,30,NA,NA,NA,NA,NA
"US1DCDC0009",2009-03-30,NA,NA,3,178,NA,NA
"US1DCDC0009",2009-04-02,81,NA,NA,NA,NA,NA
"US1DCDC0009",2009-04-03,104,NA,NA,NA,NA,NA
"US1DCDC0009",2009-04-14,NA,NA,5,201,NA,NA
"US1DCDC0009",2009-04-15,5,NA,NA,NA,NA,NA
"US1DCDC0009",2009-04-16,175,NA,NA,NA,NA,NA
"US1DCDC0009",2009-04-20,112,NA,NA,NA,NA,NA
"US1DCDC0009",2009-04-22,69,NA,NA,NA,NA,NA
"US1DCDC0009",2009-04-23,13,NA,NA,NA,NA,NA
"US1DCDC0009",2009-05-04,NA,NA,3,310,NA,NA
"US1DCDC0009",2009-05-06,71,NA,NA,NA,NA,NA
"US1DCDC0009",2009-05-07,216,NA,NA,NA,NA,NA
"US1DCDC0009",2009-05-11,5,NA,NA,NA,NA,NA
"US1DCDC0009",2009-05-12,81,NA,NA,NA,NA,NA
"US1DCDC0009",2009-05-15,155,NA,NA,NA,NA,NA
"US1DCDC0009",2009-05-17,155,NA,NA,NA,NA,NA
"US1DCDC0009",2009-05-26,470,NA,NA,NA,NA,NA
"US1DCDC0009",2009-05-27,10,NA,NA,NA,NA,NA
"US1DCDC0009",2009-05-28,0,0,NA,NA,NA,NA
"US1DCDC0009",2009-05-29,18,NA,NA,NA,NA,NA
"US1DCDC0009",2009-05-30,300,NA,NA,NA,NA,NA
"US1DCDC0009",2009-05-31,61,NA,NA,NA,NA,NA
"US1DCDC0009",2009-06-03,18,NA,NA,NA,NA,NA
"US1DCDC0009",2009-06-04,551,NA,NA,NA,NA,NA
"US1DCDC0009",2009-06-05,226,NA,NA,NA,NA,NA
"US1DCDC0009",2009-06-06,81,NA,NA,NA,NA,NA
"US1DCDC0009",2009-06-08,0,0,NA,NA,NA,NA
"US1DCDC0009",2009-06-09,178,NA,NA,NA,NA,NA
"US1DCDC0009",2009-06-10,157,NA,NA,NA,NA,NA
"US1DCDC0009",2009-06-11,86,NA,NA,NA,NA,NA
"US1DCDC0009",2009-06-12,5,NA,NA,NA,NA,NA
"US1DCDC0009",2009-07-18,8,NA,NA,NA,NA,NA
"US1DCDC0009",2009-07-23,0,NA,NA,NA,NA,NA
"US1DCDC0009",2009-07-24,206,NA,NA,NA,NA,NA
"US1DCDC0009",2009-08-29,23,NA,NA,NA,NA,NA
"US1DCDC0009",2009-09-07,183,NA,NA,NA,NA,NA
"US1DCDC0009",2009-09-08,30,NA,NA,NA,NA,NA
"US1DCDC0009",2009-09-09,5,NA,NA,NA,NA,NA
"US1DCDC0009",2009-09-10,10,NA,NA,NA,NA,NA
"US1DCDC0009",2009-09-11,114,NA,NA,NA,NA,NA
"US1DCDC0009",2009-09-16,36,NA,NA,NA,NA,NA
"US1DCDC0009",2009-09-17,0,0,NA,NA,NA,NA
"US1DCDC0009",2009-09-18,3,NA,NA,NA,NA,NA
"US1DCDC0009",2009-09-21,0,0,NA,NA,NA,NA
"US1DCDC0009",2009-09-22,0,0,NA,NA,NA,NA
"US1DCDC0009",2009-09-23,0,0,NA,NA,NA,NA
"US1DCDC0009",2009-09-24,3,NA,NA,NA,NA,NA
"US1DCDC0009",2009-09-28,NA,NA,4,391,0,0
"US1DCDC0009",2009-09-29,3,NA,NA,NA,NA,NA
"US1DCDC0009",2009-10-01,23,NA,NA,NA,NA,NA
"US1DCDC0009",2009-10-02,0,0,NA,NA,NA,NA
"US1DCDC0009",2009-10-03,10,NA,NA,NA,NA,NA
"US1DCDC0009",2009-12-09,409,NA,NA,NA,NA,NA
"US1DCDC0009",2009-12-10,0,0,NA,NA,NA,NA
"US1DCDC0009",2009-12-19,NA,170,NA,NA,170,NA
"US1DCDC0009",2010-04-09,188,NA,NA,NA,NA,NA
"US1DCDC0009",2010-04-22,61,NA,NA,NA,NA,NA
"US1DCDC0009",2010-04-24,0,0,NA,NA,NA,NA
"US1DCDC0009",2010-04-25,43,NA,NA,NA,NA,NA
"US1DCDC0009",2010-05-02,0,0,NA,NA,NA,NA
"US1DCDC0009",2010-05-03,89,NA,NA,NA,NA,NA
"US1DCDC0009",2010-05-12,28,NA,NA,NA,NA,NA
"US1DCDC0009",2010-05-18,145,NA,NA,NA,NA,NA
"US1DCDC0009",2010-05-19,13,NA,NA,NA,NA,NA
"US1DCDC0009",2010-05-23,198,NA,NA,NA,NA,NA
"US1DCDC0009",2010-06-02,84,NA,NA,NA,NA,NA
"US1DCDC0009",2010-06-29,152,NA,NA,NA,NA,NA
"US1DCDC0009",2010-07-12,NA,NA,3,302,NA,NA
"US1DCDC0009",2010-07-13,76,NA,NA,NA,NA,NA
"US1DCDC0009",2010-07-14,495,NA,NA,NA,NA,NA
"US1DCDC0009",2010-07-30,170,NA,NA,NA,NA,NA
"US1DCDC0009",2010-08-01,18,NA,NA,NA,NA,NA
"US1DCDC0009",2010-08-02,8,NA,NA,NA,NA,NA
"US1DCDC0009",2010-08-04,66,NA,NA,NA,NA,NA
"US1DCDC0009",2010-08-06,117,NA,NA,NA,NA,NA
"US1DCDC0009",2010-08-12,340,NA,NA,NA,NA,NA
"US1DCDC0009",2010-08-16,30,NA,NA,NA,NA,NA
"US1DCDC0009",2010-08-18,249,NA,NA,NA,NA,NA
"US1DCDC0009",2010-08-22,15,NA,NA,NA,NA,NA
"US1DCDC0009",2010-08-23,15,NA,NA,NA,NA,NA
"US1DCDC0009",2010-09-27,NA,NA,3,69,NA,NA
"US1DCDC0009",2010-09-28,18,NA,NA,NA,NA,NA
"US1DCDC0009",2010-09-30,490,NA,NA,NA,NA,NA
"US1DCDC0009",2010-10-01,739,NA,NA,NA,NA,NA
"US1DCDC0009",2010-10-04,196,NA,NA,NA,NA,NA
"US1DCDC0009",2010-10-07,18,NA,NA,NA,NA,NA
"US1DCDC0009",2010-10-14,30,NA,NA,NA,NA,NA
"US1DCDC0009",2010-10-15,282,NA,NA,NA,NA,NA
"US1DCDC0009",2010-10-27,142,NA,NA,NA,NA,NA
"US1DCDC0009",2010-10-28,201,NA,NA,NA,NA,NA
"US1DCDC0009",2010-11-04,191,NA,NA,NA,NA,NA
"US1DCDC0009",2010-11-05,165,NA,NA,NA,NA,NA
"US1DCDC0009",2010-11-06,0,0,NA,NA,NA,NA
"US1DCDC0009",2010-11-07,0,0,NA,NA,NA,NA
"US1DCDC0009",2010-11-08,0,0,NA,NA,NA,NA
"US1DCDC0009",2010-11-09,0,0,NA,NA,NA,NA
"US1DCDC0009",2010-11-10,0,0,NA,NA,NA,NA
"US1DCDC0009",2010-11-11,0,0,NA,NA,NA,NA
"US1DCDC0009",2010-11-12,0,0,NA,NA,NA,NA
"US1DCDC0009",2010-11-13,0,0,NA,NA,NA,NA
"US1DCDC0009",2010-11-14,0,0,NA,NA,NA,NA
"US1DCDC0009",2010-11-15,0,0,NA,NA,NA,NA
"US1DCDC0009",2010-11-16,76,NA,NA,NA,NA,NA
"US1DCDC0009",2010-11-17,84,NA,NA,NA,NA,NA
"US1DCDC0009",2010-11-18,0,0,NA,NA,NA,NA
"US1DCDC0009",2010-11-19,0,0,NA,NA,NA,NA
"US1DCDC0009",2010-11-20,0,0,NA,NA,NA,NA
"US1DCDC0009",2010-11-21,0,0,NA,NA,NA,NA
"US1DCDC0009",2010-11-22,0,0,NA,NA,NA,NA
"US1DCDC0009",2010-11-23,0,0,NA,NA,NA,NA
"US1DCDC0009",2010-11-24,5,NA,NA,NA,NA,NA
"US1DCDC0009",2010-11-29,NA,NA,5,13,NA,NA
"US1DCDC0009",2010-11-30,5,NA,NA,NA,NA,NA
"US1DCDC0009",2010-12-01,104,NA,NA,NA,NA,NA
"US1DCDC0009",2010-12-02,86,NA,NA,NA,NA,NA
"US1DCDC0009",2011-02-28,61,NA,NA,NA,NA,NA
"US1DCDC0009",2011-03-01,142,NA,NA,NA,NA,NA
"US1DCDC0009",2011-03-02,0,0,NA,NA,NA,NA
"US1DCDC0009",2011-03-06,33,NA,NA,NA,NA,NA
"US1DCDC0009",2011-03-07,335,NA,NA,NA,NA,NA
"US1DCDC0009",2011-03-10,185,NA,NA,NA,NA,NA
"US1DCDC0009",2011-03-11,221,NA,NA,NA,NA,NA
"US1DCDC0009",2011-03-16,170,NA,NA,NA,NA,NA
"US1DCDC0009",2011-03-21,71,NA,NA,NA,NA,NA
"US1DCDC0009",2011-03-23,3,NA,NA,NA,NA,NA
"US1DCDC0009",2011-03-24,122,NA,NA,NA,NA,NA
"US1DCDC0009",2011-03-25,10,NA,NA,NA,NA,NA
"US1DCDC0009",2011-03-27,5,NA,NA,NA,NA,NA
"US1DCDC0009",2011-03-31,51,NA,NA,NA,NA,NA
"US1DCDC0009",2011-04-01,38,NA,NA,NA,NA,NA
"US1DCDC0009",2011-04-04,3,NA,NA,NA,NA,NA
"US1DCDC0009",2011-04-05,53,NA,NA,NA,NA,NA
"US1DCDC0009",2011-04-06,51,NA,NA,NA,NA,NA
"US1DCDC0009",2011-04-12,3,NA,NA,NA,NA,NA
"US1DCDC0009",2011-04-13,132,NA,NA,NA,NA,NA
"US1DCDC0009",2011-05-16,NA,NA,2,152,NA,NA
"US1DCDC0009",2011-05-17,124,NA,NA,NA,NA,NA
"US1DCDC0009",2011-05-18,33,NA,NA,NA,NA,NA
"US1DCDC0009",2011-05-19,36,NA,NA,NA,NA,NA
"US1DCDC0009",2011-05-20,8,NA,NA,NA,NA,NA
"US1DCDC0009",2011-06-01,0,0,NA,NA,NA,NA
"US1DCDC0009",2011-06-02,0,0,NA,NA,NA,NA
"US1DCDC0009",2011-06-03,0,0,NA,NA,NA,NA
"US1DCDC0009",2011-06-04,0,0,NA,NA,NA,NA
"US1DCDC0009",2011-06-05,0,0,NA,NA,NA,NA
"US1DCDC0009",2011-06-06,0,0,NA,NA,NA,NA
"US1DCDC0009",2011-06-07,0,0,NA,NA,NA,NA
"US1DCDC0009",2011-06-08,0,0,NA,NA,NA,NA
"US1DCDC0009",2011-06-09,0,0,NA,NA,NA,NA
"US1DCDC0009",2011-06-10,201,NA,NA,NA,NA,NA
"US1DCDC0009",2011-06-16,8,NA,NA,NA,NA,NA
"US1DCDC0009",2011-06-17,203,NA,NA,NA,NA,NA
"US1DCDC0009",2011-06-20,NA,NA,4,84,0,NA
"US1DCDC0009",2011-06-21,13,NA,NA,NA,NA,NA
"US1DCDC0009",2011-06-22,5,0,NA,NA,NA,NA
"US1DCDC0009",2015-03-23,0,0,NA,NA,0,NA
"US1DCDC0009",2015-03-24,0,NA,NA,NA,NA,NA
"US1DCDC0009",2015-03-25,0,NA,NA,NA,NA,NA
"US1DCDC0009",2015-03-26,0,NA,NA,NA,NA,NA
"US1DCDC0009",2015-03-27,191,NA,NA,NA,NA,NA
"US1DCDC0009",2015-03-28,10,NA,NA,NA,NA,NA
"US1DCDC0009",2015-03-29,0,NA,NA,NA,NA,NA
"US1DCDC0009",2015-03-30,5,NA,NA,NA,NA,NA
"US1DCDC0009",2015-03-31,0,0,NA,NA,0,NA
"US1DCDC0009",2015-04-01,8,NA,NA,NA,NA,NA
"US1DCDC0009",2015-04-02,0,NA,NA,NA,NA,NA
"US1DCDC0009",2015-04-03,0,NA,NA,NA,NA,NA
"US1DCDC0009",2015-04-04,71,NA,NA,NA,NA,NA
"US1DCDC0009",2015-04-05,0,NA,NA,NA,NA,NA
"US1DCDC0009",2015-04-06,0,0,NA,NA,NA,NA
"US1DCDC0009",2015-04-07,10,0,NA,NA,0,NA
"US1DCDC0009",2015-04-08,69,NA,NA,NA,NA,NA
"US1DCDC0009",2015-04-09,33,NA,NA,NA,NA,NA
"US1DCDC0009",2015-04-10,5,NA,NA,NA,NA,NA
"US1DCDC0009",2015-04-11,0,NA,NA,NA,NA,NA
"US1DCDC0009",2015-04-12,0,NA,NA,NA,NA,NA
"US1DCDC0009",2015-04-13,0,NA,NA,NA,NA,NA
"US1DCDC0009",2015-04-14,41,NA,NA,NA,NA,NA
"US1DCDC0009",2015-04-15,122,NA,NA,NA,NA,NA
"US1DCDC0009",2015-04-16,0,NA,NA,NA,NA,NA
"US1DCDC0009",2015-04-17,23,NA,NA,NA,NA,NA
"US1DCDC0009",2015-04-18,3,NA,NA,NA,NA,NA
"US1DCDC0009",2015-04-19,0,NA,NA,NA,NA,NA
"US1DCDC0009",2015-04-20,231,NA,NA,NA,NA,NA
"US1DCDC0009",2015-04-21,145,NA,NA,NA,NA,NA
"US1DCDC0009",2015-04-22,0,NA,NA,NA,NA,NA
"US1DCDC0009",2015-04-23,0,NA,NA,NA,NA,NA
"US1DCDC0009",2015-04-24,0,NA,NA,NA,NA,NA
"US1DCDC0009",2015-04-25,0,NA,NA,NA,NA,NA
"US1DCDC0009",2015-04-26,69,NA,NA,NA,NA,NA
"US1DCDC0009",2015-04-27,0,NA,NA,NA,NA,NA
"US1DCDC0009",2015-04-28,3,NA,NA,NA,NA,NA
"US1DCDC0009",2015-04-29,0,NA,NA,NA,NA,NA
"US1DCDC0009",2015-04-30,0,NA,NA,NA,NA,NA
"US1DCDC0009",2015-05-05,0,NA,NA,NA,NA,NA
"US1DCDC0009",2015-05-06,3,NA,NA,NA,NA,NA
"US1DCDC0009",2015-05-07,0,NA,NA,NA,NA,NA
"US1DCDC0009",2015-05-08,0,NA,NA,NA,NA,NA
"US1DCDC0009",2015-05-09,0,NA,NA,NA,NA,NA
"US1DCDC0009",2015-05-10,0,NA,NA,NA,NA,NA
"US1DCDC0009",2015-05-11,0,NA,NA,NA,NA,NA
"US1DCDC0009",2015-05-12,0,NA,NA,NA,NA,NA
"US1DCDC0009",2015-05-13,0,NA,NA,NA,NA,NA
"US1DCDC0009",2015-05-14,0,NA,NA,NA,NA,NA
"US1DCDC0009",2015-05-15,0,NA,NA,NA,NA,NA
"US1DCDC0009",2015-05-17,183,NA,NA,NA,NA,NA
"US1DCDC0009",2015-05-18,30,NA,NA,NA,NA,NA
"US1DCDC0009",2015-05-19,221,NA,NA,NA,NA,NA
"US1DCDC0009",2015-05-20,0,NA,NA,NA,NA,NA
"US1DCDC0009",2015-05-21,0,NA,NA,NA,NA,NA
"US1DCDC0009",2015-05-22,76,NA,NA,NA,NA,NA
"US1DCDC0009",2015-05-23,0,NA,NA,NA,NA,NA
"US1DCDC0009",2015-05-24,0,NA,NA,NA,NA,NA
"US1DCDC0009",2015-05-25,0,NA,NA,NA,NA,NA
"US1DCDC0009",2015-05-26,0,NA,NA,NA,NA,NA
"US1DCDC0009",2015-05-27,0,NA,NA,NA,NA,NA
"US1DCDC0009",2015-05-28,0,NA,NA,NA,NA,NA
"US1DCDC0009",2015-05-29,0,NA,NA,NA,NA,NA
"US1DCDC0009",2015-05-30,0,NA,NA,NA,NA,NA
"US1DCDC0009",2015-05-31,0,NA,NA,NA,NA,NA
"US1DCDC0009",2015-06-01,3,NA,NA,NA,NA,NA
"US1DCDC0009",2015-06-02,691,NA,NA,NA,NA,NA
"US1DCDC0009",2015-06-03,20,NA,NA,NA,NA,NA
"US1DCDC0009",2015-06-04,5,NA,NA,NA,NA,NA
"US1DCDC0009",2015-06-05,112,NA,NA,NA,NA,NA
"US1DCDC0009",2015-06-06,0,NA,NA,NA,NA,NA
"US1DCDC0009",2015-06-07,0,NA,NA,NA,NA,NA
"US1DCDC0009",2015-06-08,0,NA,NA,NA,NA,NA
"US1DCDC0009",2015-06-09,323,NA,NA,NA,NA,NA
"US1DCDC0009",2015-06-10,0,NA,NA,NA,NA,NA
"US1DCDC0009",2015-06-11,0,NA,NA,NA,NA,NA
"US1DCDC0009",2015-06-12,0,NA,NA,NA,NA,NA
"US1DCDC0009",2015-06-13,5,NA,NA,NA,NA,NA
"US1DCDC0009",2015-06-14,0,NA,NA,NA,NA,NA
"US1DCDC0009",2015-06-15,211,NA,NA,NA,NA,NA
"US1DCDC0009",2015-06-16,8,NA,NA,NA,NA,NA
"US1DCDC0009",2015-06-17,0,NA,NA,NA,NA,NA
"US1DCDC0009",2015-06-18,71,NA,NA,NA,NA,NA
"US1DCDC0009",2015-06-19,79,NA,NA,NA,NA,NA
"US1DCDC0009",2015-06-20,3,NA,NA,NA,NA,NA
"US1DCDC0009",2015-06-21,551,NA,NA,NA,NA,NA
"US1DCDC0009",2015-06-22,0,NA,NA,NA,NA,NA
"US1DCDC0009",2015-06-23,0,NA,NA,NA,NA,NA
"US1DCDC0009",2015-06-24,254,NA,NA,NA,NA,NA
"US1DCDC0009",2015-06-25,0,NA,NA,NA,NA,NA
"US1DCDC0009",2015-06-29,NA,NA,3,648,NA,NA
"US1DCDC0009",2015-06-30,0,NA,NA,NA,NA,NA
"US1DCDC0009",2015-07-01,284,NA,NA,NA,NA,NA
"US1DCDC0009",2015-07-02,71,NA,NA,NA,NA,NA
"US1DCDC0009",2015-07-31,160,NA,NA,NA,NA,NA
"US1DCDC0009",2015-08-01,0,NA,NA,NA,NA,NA
"US1DCDC0009",2015-08-02,0,NA,NA,NA,NA,NA
"US1DCDC0009",2015-08-03,0,NA,NA,NA,NA,NA
"US1DCDC0009",2015-08-04,0,NA,NA,NA,NA,NA
"US1DCDC0009",2015-08-05,0,NA,NA,NA,NA,NA
"US1DCDC0009",2015-08-06,0,NA,NA,NA,NA,NA
"US1DCDC0009",2015-08-07,5,NA,NA,NA,NA,NA
"US1DCDC0009",2015-08-08,0,NA,NA,NA,NA,NA
"US1DCDC0009",2015-08-09,0,NA,NA,NA,NA,NA
"US1DCDC0009",2015-08-10,53,NA,NA,NA,NA,NA
"US1DCDC0009",2015-08-11,46,NA,NA,NA,NA,NA
"US1DCDC0009",2015-08-12,3,NA,NA,NA,NA,NA
"US1DCDC0009",2015-08-13,0,NA,NA,NA,NA,NA
"US1DCDC0009",2015-08-14,0,NA,NA,NA,NA,NA
"US1DCDC0009",2015-08-15,0,NA,NA,NA,NA,NA
"US1DCDC0009",2015-08-16,0,NA,NA,NA,NA,NA
"US1DCDC0009",2015-08-17,0,NA,NA,NA,NA,NA
"US1DCDC0009",2015-08-18,0,NA,NA,NA,NA,NA
"US1DCDC0009",2015-08-19,0,NA,NA,NA,NA,NA
"US1DCDC0009",2015-08-20,30,NA,NA,NA,NA,NA
"US1DCDC0009",2015-08-21,3,NA,NA,NA,NA,NA
"US1DCDC0009",2015-08-22,0,NA,NA,NA,NA,NA
"US1DCDC0009",2015-08-24,0,NA,NA,NA,NA,NA
"US1DCDC0009",2015-08-25,104,NA,NA,NA,NA,NA
"US1DCDC0009",2015-08-26,0,NA,NA,NA,NA,NA
"US1DCDC0009",2015-08-27,0,NA,NA,NA,NA,NA
"US1DCDC0009",2015-08-28,0,NA,NA,NA,NA,NA
"US1DCDC0009",2015-08-29,0,NA,NA,NA,NA,NA
"US1DCDC0009",2015-08-30,0,NA,NA,NA,NA,NA
"US1DCDC0009",2015-08-31,0,NA,NA,NA,NA,NA
"US1DCDC0009",2015-09-01,0,NA,NA,NA,NA,NA
"US1DCDC0009",2015-09-03,NA,NA,2,0,0,NA
"US1DCDC0009",2015-09-04,0,NA,NA,NA,NA,NA
"US1DCDC0009",2015-09-05,0,NA,NA,NA,NA,NA
"US1DCDC0009",2015-09-06,0,NA,NA,NA,NA,NA
"US1DCDC0009",2015-09-07,0,NA,NA,NA,NA,NA
"US1DCDC0009",2015-09-08,0,NA,NA,NA,NA,NA
"US1DCDC0009",2015-09-09,0,NA,NA,NA,NA,NA
"US1DCDC0009",2015-09-10,33,NA,NA,NA,NA,NA
"US1DCDC0009",2015-09-11,3,NA,NA,NA,NA,NA
"US1DCDC0009",2015-09-12,5,NA,NA,NA,NA,NA
"US1DCDC0009",2015-09-13,36,NA,NA,NA,NA,NA
"US1DCDC0009",2015-09-14,0,NA,NA,NA,NA,NA
"US1DCDC0009",2015-09-15,0,NA,NA,NA,NA,NA
"US1DCDC0009",2015-09-16,0,NA,NA,NA,NA,NA
"US1DCDC0009",2015-09-17,0,NA,NA,NA,NA,NA
"US1DCDC0009",2015-09-18,0,NA,NA,NA,NA,NA
"US1DCDC0009",2015-09-19,0,NA,NA,NA,NA,NA
"US1DCDC0009",2015-09-20,0,NA,NA,NA,NA,NA
"US1DCDC0009",2015-09-21,0,NA,NA,NA,NA,NA
"US1DCDC0009",2015-09-22,69,NA,NA,NA,NA,NA
"US1DCDC0009",2015-09-23,0,NA,NA,NA,NA,NA
"US1DCDC0009",2015-09-24,0,NA,NA,NA,NA,NA
"US1DCDC0009",2015-09-25,0,NA,NA,NA,NA,NA
"US1DCDC0009",2015-09-28,NA,NA,3,3,0,NA
"US1DCDC0009",2015-09-29,0,NA,NA,NA,NA,NA
"US1DCDC0009",2015-09-30,437,NA,NA,NA,NA,NA
"US1DCDC0009",2015-10-01,28,NA,NA,NA,NA,NA
"US1DCDC0009",2015-10-02,302,NA,NA,NA,NA,NA
"US1DCDC0009",2015-10-03,279,NA,NA,NA,NA,NA
"US1DCDC0009",2015-10-04,18,NA,NA,NA,NA,NA
"US1DCDC0009",2015-10-05,3,NA,NA,NA,NA,NA
"US1DCDC0009",2015-10-06,0,NA,NA,NA,NA,NA
"US1DCDC0009",2015-10-07,0,NA,NA,NA,NA,NA
"US1DCDC0009",2015-10-08,0,NA,NA,NA,NA,NA
"US1DCDC0009",2015-10-09,0,NA,NA,NA,NA,NA
"US1DCDC0009",2015-10-10,69,NA,NA,NA,NA,NA
"US1DCDC0009",2015-10-12,0,NA,NA,NA,NA,NA
"US1DCDC0009",2015-10-13,0,NA,NA,NA,NA,NA
"US1DCDC0009",2015-10-14,0,NA,NA,NA,NA,NA
"US1DCDC0009",2015-10-17,0,NA,NA,NA,NA,NA
"US1DCDC0009",2015-10-19,0,NA,NA,NA,NA,NA
"US1DCDC0009",2015-10-20,0,NA,NA,NA,NA,NA
"US1DCDC0009",2015-10-21,0,NA,NA,NA,NA,NA
"US1DCDC0009",2015-10-22,0,NA,NA,NA,NA,NA
"US1DCDC0009",2015-11-01,10,NA,NA,NA,NA,NA
"US1DCDC0009",2015-11-02,5,NA,NA,NA,NA,NA
"US1DCDC0009",2015-11-03,3,NA,NA,NA,NA,NA
"US1DCDC0009",2015-11-04,0,0,NA,NA,NA,NA
"US1DCDC0009",2015-11-05,48,NA,NA,NA,NA,NA
"US1DCDC0009",2015-11-06,3,NA,NA,NA,NA,NA
"US1DCDC0009",2015-11-07,10,NA,NA,NA,NA,NA
"US1DCDC0009",2015-11-08,38,NA,NA,NA,NA,NA
"US1DCDC0009",2015-11-09,0,NA,NA,NA,NA,NA
"US1DCDC0009",2015-11-10,185,NA,NA,NA,NA,NA
"US1DCDC0009",2015-11-11,23,NA,NA,NA,NA,NA
"US1DCDC0009",2015-11-12,0,NA,NA,NA,NA,NA
"US1DCDC0009",2015-11-13,5,NA,NA,NA,NA,NA
"US1DCDC0009",2015-11-14,0,NA,NA,NA,NA,NA
"US1DCDC0009",2015-11-15,0,NA,NA,NA,NA,NA
"US1DCDC0009",2015-11-16,0,NA,NA,NA,NA,NA
"US1DCDC0009",2015-11-17,0,NA,NA,NA,NA,NA
"US1DCDC0009",2015-11-18,0,NA,NA,NA,NA,NA
"US1DCDC0009",2015-11-19,18,NA,NA,NA,NA,NA
"US1DCDC0009",2015-11-20,160,NA,NA,NA,NA,NA
"US1DCDC0009",2015-11-21,0,NA,NA,NA,NA,NA
"US1DCDC0009",2015-11-23,0,NA,NA,NA,NA,NA
"US1DCDC0009",2015-12-02,NA,NA,9,333,NA,NA
"US1DCDC0009",2015-12-04,3,NA,NA,NA,NA,NA
"US1DCDC0009",2015-12-05,0,NA,NA,NA,NA,NA
"US1DCDC0009",2015-12-06,0,NA,NA,NA,NA,NA
"US1DCDC0009",2015-12-07,0,NA,NA,NA,NA,NA
"US1DCDC0009",2015-12-08,0,NA,NA,NA,NA,NA
"US1DCDC0009",2015-12-09,0,NA,NA,NA,NA,NA
"US1DCDC0009",2015-12-10,0,NA,NA,NA,NA,NA
"US1DCDC0009",2015-12-11,0,NA,NA,NA,NA,NA
"US1DCDC0009",2015-12-12,0,NA,NA,NA,NA,NA
"US1DCDC0009",2015-12-31,0,NA,NA,NA,NA,NA
"US1DCDC0009",2016-01-01,0,NA,NA,NA,NA,NA
"US1DCDC0009",2016-01-02,0,NA,NA,NA,NA,NA
"US1DCDC0009",2016-01-03,0,NA,NA,NA,NA,NA
"US1DCDC0009",2016-01-04,0,NA,NA,NA,NA,NA
"US1DCDC0009",2016-01-05,0,NA,NA,NA,NA,NA
"US1DCDC0009",2016-01-06,0,NA,NA,NA,NA,NA
"US1DCDC0009",2016-01-07,0,NA,NA,NA,NA,NA
"US1DCDC0009",2016-01-08,0,NA,NA,NA,NA,NA
"US1DCDC0009",2016-01-09,3,NA,NA,NA,NA,NA
"US1DCDC0009",2016-01-10,188,NA,NA,NA,NA,NA
"US1DCDC0009",2016-01-11,3,NA,NA,NA,NA,NA
"US1DCDC0009",2016-01-12,0,NA,NA,NA,NA,NA
"US1DCDC0009",2016-01-13,0,NA,NA,NA,NA,NA
"US1DCDC0009",2016-01-14,0,NA,NA,NA,NA,NA
"US1DCDC0009",2016-01-15,0,NA,NA,NA,NA,NA
"US1DCDC0009",2016-01-16,89,NA,NA,NA,NA,NA
"US1DCDC0009",2016-01-17,0,NA,NA,NA,NA,NA
"US1DCDC0009",2016-05-11,61,NA,NA,NA,NA,NA
"US1DCDC0009",2016-05-12,66,NA,NA,NA,NA,NA
"US1DCDC0009",2016-05-13,0,NA,NA,NA,NA,NA
"US1DCDC0009",2016-05-14,23,NA,NA,NA,NA,NA
"US1DCDC0009",2016-05-15,41,NA,NA,NA,NA,NA
"US1DCDC0009",2016-05-16,0,NA,NA,NA,NA,NA
"US1DCDC0009",2016-05-17,0,NA,NA,NA,NA,NA
"US1DCDC0009",2016-05-18,112,NA,NA,NA,NA,NA
"US1DCDC0009",2016-05-19,5,NA,NA,NA,NA,NA
"US1DCDC0009",2016-05-20,0,NA,NA,NA,NA,NA
"US1DCDC0009",2016-05-21,86,NA,NA,NA,NA,NA
"US1DCDC0009",2016-05-22,79,NA,NA,NA,NA,NA
"US1DCDC0009",2016-05-23,135,NA,NA,NA,NA,NA
"US1DCDC0009",2016-05-24,48,NA,NA,NA,NA,NA
"US1DCDC0009",2016-05-25,0,NA,NA,NA,NA,NA
"US1DCDC0009",2016-05-26,0,NA,NA,NA,NA,NA
"US1DCDC0009",2016-05-27,0,NA,NA,NA,NA,NA
"US1DCDC0009",2016-05-28,0,NA,NA,NA,NA,NA
"US1DCDC0009",2016-05-29,0,NA,NA,NA,NA,NA
"US1DCDC0009",2016-05-30,163,NA,NA,NA,NA,NA
"US1DCDC0009",2016-05-31,0,NA,NA,NA,NA,NA
"US1DCDC0009",2016-06-01,0,NA,NA,NA,NA,NA
"US1DCDC0009",2016-06-02,0,NA,NA,NA,NA,NA
"US1DCDC0009",2016-06-03,0,NA,NA,NA,NA,NA
"US1DCDC0009",2016-06-04,74,NA,NA,NA,NA,NA
"US1DCDC0009",2016-06-05,28,NA,NA,NA,NA,NA
"US1DCDC0009",2016-06-06,3,NA,NA,NA,NA,NA
"US1DCDC0009",2016-06-07,0,NA,NA,NA,NA,NA
"US1DCDC0009",2016-06-08,0,NA,NA,NA,NA,NA
"US1DCDC0009",2016-06-09,0,NA,NA,NA,NA,NA
"US1DCDC0009",2016-06-10,0,NA,NA,NA,NA,NA
"US1DCDC0009",2016-06-11,0,NA,NA,NA,NA,NA
"US1DCDC0009",2016-06-12,0,NA,NA,NA,NA,NA
"US1DCDC0009",2016-06-13,0,NA,NA,NA,NA,NA
"US1DCDC0009",2016-06-14,0,NA,NA,NA,NA,NA
"US1DCDC0009",2016-06-15,0,NA,NA,NA,NA,NA
"US1DCDC0009",2016-06-16,8,NA,NA,NA,NA,NA
"US1DCDC0009",2016-06-17,122,NA,NA,NA,NA,NA
"US1DCDC0009",2016-06-18,0,NA,NA,NA,NA,NA
"US1DCDC0009",2016-06-19,0,NA,NA,NA,NA,NA
"US1DCDC0009",2016-06-20,0,NA,NA,NA,NA,NA
"US1DCDC0009",2016-06-21,0,NA,NA,NA,NA,NA
"US1DCDC0009",2016-06-22,234,NA,NA,NA,NA,NA
"US1DCDC0009",2016-06-23,109,NA,NA,NA,NA,NA
"US1DCDC0009",2016-06-24,38,NA,NA,NA,NA,NA
"US1DCDC0009",2016-06-25,0,NA,NA,NA,NA,NA
"US1DCDC0009",2016-06-26,0,NA,NA,NA,NA,NA
"US1DCDC0009",2016-06-27,0,NA,NA,NA,NA,NA
"US1DCDC0009",2016-06-28,107,NA,NA,NA,NA,NA
"US1DCDC0009",2016-06-29,183,NA,NA,NA,NA,NA
"US1DCDC0009",2016-06-30,0,NA,NA,NA,NA,NA
"US1DCDC0009",2016-07-01,0,NA,NA,NA,NA,NA
"US1DCDC0009",2016-07-02,13,NA,NA,NA,NA,NA
"US1DCDC0009",2016-07-03,18,NA,NA,NA,NA,NA
"US1DCDC0009",2016-07-04,3,NA,NA,NA,NA,NA
"US1DCDC0009",2016-07-05,147,NA,NA,NA,NA,NA
"US1DCDC0009",2016-07-06,0,NA,NA,NA,NA,NA
"US1DCDC0009",2016-07-09,NA,NA,2,15,NA,NA
"US1DCDC0009",2016-07-10,0,NA,NA,NA,NA,NA
"US1DCDC0009",2016-07-11,0,NA,NA,NA,NA,NA
"US1DCDC0009",2016-07-12,0,NA,NA,NA,NA,NA
"US1DCDC0009",2016-07-13,0,NA,NA,NA,NA,NA
"US1DCDC0009",2016-07-14,51,NA,NA,NA,NA,NA
"US1DCDC0009",2016-07-15,0,NA,NA,NA,NA,NA
"US1DCDC0009",2016-07-16,0,NA,NA,NA,NA,NA
"US1DCDC0009",2016-07-17,53,NA,NA,NA,NA,NA
"US1DCDC0009",2016-07-18,0,NA,NA,NA,NA,NA
"US1DCDC0009",2016-07-19,145,NA,NA,NA,NA,NA
"US1DCDC0009",2016-07-20,366,NA,NA,NA,NA,NA
"US1DCDC0009",2016-07-21,0,NA,NA,NA,NA,NA
"US1DCDC0009",2016-07-22,0,NA,NA,NA,NA,NA
"US1DCDC0009",2016-07-23,0,NA,NA,NA,NA,NA
"US1DCDC0009",2016-07-24,0,NA,NA,NA,NA,NA
"US1DCDC0009",2016-07-25,119,NA,NA,NA,NA,NA
"US1DCDC0009",2016-07-26,0,NA,NA,NA,NA,NA
"US1DCDC0009",2016-07-27,0,NA,NA,NA,NA,NA
"US1DCDC0009",2016-07-28,0,NA,NA,NA,NA,NA
"US1DCDC0009",2016-07-29,122,NA,NA,NA,NA,NA
"US1DCDC0009",2016-07-30,0,NA,NA,NA,NA,NA
"US1DCDC0009",2016-07-31,102,NA,NA,NA,NA,NA
"US1DCDC0009",2016-08-01,8,NA,NA,NA,NA,NA
"US1DCDC0009",2016-08-02,0,NA,NA,NA,NA,NA
"US1DCDC0009",2016-08-03,0,NA,NA,NA,NA,NA
"US1DCDC0009",2016-08-04,0,NA,NA,NA,NA,NA
"US1DCDC0009",2016-08-05,0,NA,NA,NA,NA,NA
"US1DCDC0009",2016-08-06,0,NA,NA,NA,NA,NA
"US1DCDC0009",2016-08-07,0,NA,NA,NA,NA,NA
"US1DCDC0009",2016-08-08,0,NA,NA,NA,NA,NA
"US1DCDC0009",2016-08-09,0,NA,NA,NA,NA,NA
"US1DCDC0009",2016-08-10,0,NA,NA,NA,NA,NA
"US1DCDC0009",2016-08-11,0,NA,NA,NA,NA,NA
"US1DCDC0009",2016-08-18,NA,NA,7,488,NA,NA
"US1DCDC0009",2016-08-19,0,NA,NA,NA,NA,NA
"US1DCDC0009",2016-08-20,0,NA,NA,NA,NA,NA
"US1DCDC0009",2016-08-21,0,NA,NA,NA,NA,NA
"US1DCDC0009",2016-08-22,165,NA,NA,NA,NA,NA
"US1DCDC0009",2016-08-23,0,NA,NA,NA,NA,NA
"US1DCDC0009",2016-08-24,0,NA,NA,NA,NA,NA
"US1DCDC0009",2016-08-25,0,NA,NA,NA,NA,NA
"US1DCDC0009",2016-08-26,0,NA,NA,NA,NA,NA
"US1DCDC0009",2016-08-27,0,NA,NA,NA,NA,NA
"US1DCDC0009",2016-08-28,0,NA,NA,NA,NA,NA
"US1DCDC0009",2016-08-29,0,NA,NA,NA,NA,NA
"US1DCDC0009",2016-08-30,0,NA,NA,NA,NA,NA
"US1DCDC0009",2016-08-31,0,NA,NA,NA,NA,NA
"US1DCDC0009",2016-09-01,8,NA,NA,NA,NA,NA
"US1DCDC0009",2016-09-02,10,NA,NA,NA,NA,NA
"US1DCDC0009",2016-09-03,0,NA,NA,NA,NA,NA
"US1DCDC0009",2016-09-04,0,NA,NA,NA,NA,NA
"US1DCDC0009",2016-09-05,0,NA,NA,NA,NA,NA
"US1DCDC0009",2016-09-06,0,NA,NA,NA,NA,NA
"US1DCDC0009",2016-09-07,0,NA,NA,NA,NA,NA
"US1DCDC0009",2016-09-08,8,NA,NA,NA,NA,NA
"US1DCDC0009",2016-09-09,0,NA,NA,NA,NA,NA
"US1DCDC0009",2016-09-10,0,NA,NA,NA,NA,NA
"US1DCDC0009",2016-09-11,0,0,NA,NA,NA,NA
"US1DCDC0009",2016-09-12,0,NA,NA,NA,NA,NA
"US1DCDC0009",2016-09-13,0,NA,NA,NA,NA,NA
"US1DCDC0009",2016-09-14,0,NA,NA,NA,NA,NA
"US1DCDC0009",2016-09-15,0,NA,NA,NA,NA,NA
"US1DCDC0009",2016-09-16,0,NA,NA,NA,NA,NA
"US1DCDC0009",2016-09-17,0,NA,NA,NA,NA,NA
"US1DCDC0009",2016-09-18,0,NA,NA,NA,NA,NA
"US1DCDC0009",2016-09-19,0,NA,NA,NA,NA,NA
"US1DCDC0009",2016-09-20,109,NA,NA,NA,NA,NA
"US1DCDC0009",2016-09-21,0,NA,NA,NA,NA,NA
"US1DCDC0009",2016-09-22,0,NA,NA,NA,NA,NA
"US1DCDC0009",2016-09-23,0,NA,NA,NA,NA,NA
"US1DCDC0009",2016-09-24,0,NA,NA,NA,NA,NA
"US1DCDC0009",2016-09-25,0,NA,NA,NA,NA,NA
"US1DCDC0009",2016-09-26,0,NA,NA,NA,NA,NA
"US1DCDC0009",2016-09-27,99,NA,NA,NA,NA,NA
"US1DCDC0009",2016-09-28,5,NA,NA,NA,NA,NA
"US1DCDC0009",2016-09-29,269,NA,NA,NA,NA,NA
"US1DCDC0009",2016-09-30,107,NA,NA,NA,NA,NA
"US1DCDC0009",2016-10-01,43,NA,NA,NA,NA,NA
"US1DCDC0009",2016-10-02,64,NA,NA,NA,NA,NA
"US1DCDC0009",2016-10-03,0,0,NA,NA,NA,NA
"US1DCDC0009",2016-10-04,0,NA,NA,NA,NA,NA
"US1DCDC0009",2016-10-05,0,NA,NA,NA,NA,NA
"US1DCDC0009",2016-10-06,0,NA,NA,NA,NA,NA
"US1DCDC0009",2016-10-07,0,NA,NA,NA,NA,NA
"US1DCDC0009",2016-10-08,0,NA,NA,NA,NA,NA
"US1DCDC0009",2016-10-09,84,NA,NA,NA,NA,NA
"US1DCDC0009",2016-10-10,0,NA,NA,NA,NA,NA
"US1DCDC0009",2016-10-11,0,NA,NA,NA,NA,NA
"US1DCDC0009",2016-10-12,0,NA,NA,NA,NA,NA
"US1DCDC0009",2016-10-13,0,NA,NA,NA,NA,NA
"US1DCDC0009",2016-10-14,0,NA,NA,NA,NA,NA
"US1DCDC0009",2016-10-15,0,NA,NA,NA,NA,NA
"US1DCDC0009",2016-10-16,0,NA,NA,NA,NA,NA
"US1DCDC0009",2016-10-17,0,NA,NA,NA,NA,NA
"US1DCDC0009",2016-10-18,0,NA,NA,NA,NA,NA
"US1DCDC0009",2016-10-19,0,NA,NA,NA,NA,NA
"US1DCDC0009",2016-10-20,20,NA,NA,NA,NA,NA
"US1DCDC0009",2016-10-21,0,NA,NA,NA,NA,NA
"US1DCDC0009",2016-10-22,79,NA,NA,NA,NA,NA
"US1DCDC0009",2016-10-23,0,NA,NA,NA,NA,NA
"US1DCDC0009",2016-10-24,0,NA,NA,NA,NA,NA
"US1DCDC0009",2016-10-25,0,NA,NA,NA,NA,NA
"US1DCDC0009",2016-10-26,0,NA,NA,NA,NA,NA
"US1DCDC0009",2016-10-27,0,NA,NA,NA,NA,NA
"US1DCDC0009",2016-10-28,8,NA,NA,NA,NA,NA
"US1DCDC0009",2016-10-29,0,NA,NA,NA,NA,NA
"US1DCDC0009",2016-10-30,0,NA,NA,NA,NA,NA
"US1DCDC0009",2016-10-31,8,NA,NA,NA,NA,NA
"US1DCDC0009",2016-11-01,0,NA,NA,NA,NA,NA
"US1DCDC0009",2016-11-02,0,NA,NA,NA,NA,NA
"US1DCDC0009",2016-11-03,0,NA,NA,NA,NA,NA
"US1DCDC0009",2016-11-04,0,NA,NA,NA,NA,NA
"US1DCDC0009",2016-11-05,0,NA,NA,NA,NA,NA
"US1DCDC0009",2016-11-06,0,NA,NA,NA,NA,NA
"US1DCDC0009",2016-11-07,0,NA,NA,NA,NA,NA
"US1DCDC0009",2016-11-08,0,NA,NA,NA,NA,NA
"US1DCDC0009",2016-11-09,23,NA,NA,NA,NA,NA
"US1DCDC0009",2016-11-10,25,NA,NA,NA,NA,NA
"US1DCDC0009",2016-11-14,NA,NA,4,0,NA,NA
"US1DCDC0009",2016-11-15,0,NA,NA,NA,NA,NA
"US1DCDC0009",2016-11-16,0,NA,NA,NA,NA,NA
"US1DCDC0009",2016-11-17,8,NA,NA,NA,NA,NA
"US1DCDC0009",2016-11-18,0,NA,NA,NA,NA,NA
"US1DCDC0009",2016-11-19,0,NA,NA,NA,NA,NA
"US1DCDC0009",2016-11-20,18,NA,NA,NA,NA,NA
"US1DCDC0009",2016-11-21,0,NA,NA,NA,NA,NA
"US1DCDC0009",2016-11-22,0,NA,NA,NA,NA,NA
"US1DCDC0009",2016-11-28,NA,NA,6,0,NA,NA
"US1DCDC0009",2016-11-29,8,NA,NA,NA,NA,NA
"US1DCDC0009",2016-11-30,36,NA,NA,NA,NA,NA
"US1DCDC0009",2016-12-01,160,NA,NA,NA,NA,NA
"US1DCDC0009",2016-12-02,0,NA,NA,NA,NA,NA
"US1DCDC0009",2016-12-03,0,NA,NA,NA,NA,NA
"US1DCDC0009",2016-12-04,0,NA,NA,NA,NA,NA
"US1DCDC0009",2016-12-05,69,NA,NA,NA,NA,NA
"US1DCDC0009",2016-12-06,0,NA,NA,NA,NA,NA
"US1DCDC0009",2016-12-07,259,NA,NA,NA,NA,NA
"US1DCDC0009",2016-12-08,0,NA,NA,NA,NA,NA
"US1DCDC0009",2016-12-09,0,0,NA,NA,NA,NA
"US1DCDC0009",2016-12-10,0,NA,NA,NA,NA,NA
"US1DCDC0009",2016-12-11,0,0,NA,NA,NA,NA
"US1DCDC0009",2016-12-12,46,NA,NA,NA,NA,NA
"US1DCDC0009",2016-12-13,0,0,NA,NA,NA,NA
"US1DCDC0009",2016-12-14,0,NA,NA,NA,NA,NA
"US1DCDC0009",2016-12-15,0,0,NA,NA,NA,NA
"US1DCDC0009",2016-12-16,0,NA,NA,NA,NA,NA
"US1DCDC0009",2016-12-19,3,NA,NA,NA,NA,NA
"US1DCDC0009",2016-12-20,0,NA,NA,NA,NA,NA
"US1DCDC0009",2016-12-22,0,NA,NA,NA,NA,NA
"US1DCDC0009",2016-12-23,0,NA,NA,NA,NA,NA
"US1DCDC0009",2017-01-26,0,NA,NA,NA,NA,NA
"US1DCDC0009",2017-01-27,0,NA,NA,NA,NA,NA
"US1DCDC0009",2017-01-28,0,NA,NA,NA,NA,NA
"US1DCDC0009",2017-01-29,0,NA,NA,NA,NA,NA
"US1DCDC0009",2017-02-06,0,NA,NA,NA,NA,NA
"US1DCDC0009",2017-03-09,0,NA,NA,NA,NA,NA
"US1DCDC0009",2017-03-27,5,NA,NA,NA,NA,NA
"US1DCDC0009",2017-04-04,28,NA,NA,NA,NA,NA
"US1DCDC0009",2017-04-05,3,NA,NA,NA,NA,NA
"US1DCDC0009",2017-04-06,0,NA,NA,NA,NA,NA
"US1DCDC0009",2017-04-07,381,NA,NA,NA,NA,NA
"US1DCDC0009",2017-04-08,0,NA,NA,NA,NA,NA
"US1DCDC0009",2017-04-09,0,NA,NA,NA,NA,NA
"US1DCDC0009",2017-04-10,0,NA,NA,NA,NA,NA
"US1DCDC0009",2017-04-11,0,NA,NA,NA,NA,NA
"US1DCDC0009",2017-04-12,0,NA,NA,NA,NA,NA
"US1DCDC0009",2017-04-13,0,NA,NA,NA,NA,NA
"US1DCDC0009",2017-04-14,0,NA,NA,NA,NA,NA
"US1DCDC0009",2017-04-15,0,NA,NA,NA,NA,NA
"US1DCDC0009",2017-04-16,0,NA,NA,NA,NA,NA
"US1DCDC0009",2017-04-17,0,NA,NA,NA,NA,NA
"US1DCDC0009",2017-04-18,25,NA,NA,NA,NA,NA
"US1DCDC0009",2017-04-19,3,NA,NA,NA,NA,NA
"US1DCDC0009",2017-04-20,0,0,NA,NA,NA,NA
"US1DCDC0009",2017-04-21,28,NA,NA,NA,NA,NA
"US1DCDC0009",2017-04-22,8,NA,NA,NA,NA,NA
"US1DCDC0009",2017-04-24,NA,NA,2,74,NA,NA
"US1DCDC0009",2017-04-25,64,NA,NA,NA,NA,NA
"US1DCDC0009",2017-04-26,23,NA,NA,NA,NA,NA
"US1DCDC0009",2017-04-27,0,NA,NA,NA,NA,NA
"US1DCDC0009",2017-04-28,0,NA,NA,NA,NA,NA
"US1DCDC0009",2017-04-29,0,NA,NA,NA,NA,NA
"US1DCDC0009",2017-04-30,0,NA,NA,NA,NA,NA
"US1DCDC0009",2017-05-01,0,NA,NA,NA,NA,NA
"US1DCDC0009",2017-05-02,3,NA,NA,NA,NA,NA
"US1DCDC0009",2017-05-03,0,NA,NA,NA,NA,NA
"US1DCDC0009",2017-05-04,0,NA,NA,NA,NA,NA
"US1DCDC0009",2017-05-05,239,NA,NA,NA,NA,NA
"US1DCDC0009",2017-05-15,0,NA,NA,NA,NA,NA
"US1DCDC0009",2017-05-16,0,NA,NA,NA,NA,NA
"US1DCDC0009",2017-05-21,NA,NA,5,3,NA,NA
"US1DCDC0009",2017-05-22,56,NA,NA,NA,NA,NA
"US1DCDC0009",2017-05-24,NA,NA,2,81,NA,NA
"US1DCDC0009",2017-05-25,170,NA,NA,NA,NA,NA
"US1DCDC0009",2017-05-26,71,NA,NA,NA,NA,NA
"US1DCDC0009",2017-05-27,0,NA,NA,NA,NA,NA
"US1DCDC0009",2017-05-28,5,NA,NA,NA,NA,NA
"US1DCDC0009",2017-05-29,25,NA,NA,NA,NA,NA
"US1DCDC0009",2017-05-30,0,NA,NA,NA,NA,NA
"US1DCDC0009",2017-05-31,66,NA,NA,NA,NA,NA
"US1DCDC0009",2017-06-01,20,NA,NA,NA,NA,NA
"US1DCDC0009",2017-06-02,0,NA,NA,NA,NA,NA
"US1DCDC0009",2017-06-03,0,NA,NA,NA,NA,NA
"US1DCDC0009",2017-06-04,0,NA,NA,NA,NA,NA
"US1DCDC0009",2017-06-05,0,NA,NA,NA,NA,NA
"US1DCDC0009",2017-06-06,5,NA,NA,NA,NA,NA
"US1DCDC0009",2017-06-08,0,NA,NA,NA,NA,NA
"US1DCDC0009",2017-06-09,0,NA,NA,NA,NA,NA
"US1DCDC0009",2017-06-10,0,NA,NA,NA,NA,NA
"US1DCDC0009",2017-06-11,0,NA,NA,NA,NA,NA
"US1DCDC0009",2017-06-12,0,NA,NA,NA,NA,NA
"US1DCDC0009",2017-06-13,0,NA,NA,NA,NA,NA
"US1DCDC0009",2017-06-14,0,NA,NA,NA,NA,NA
"US1DCDC0009",2017-06-15,0,NA,NA,NA,NA,NA
"US1DCDC0009",2017-06-16,0,NA,NA,NA,NA,NA
"US1DCDC0009",2017-06-17,41,NA,NA,NA,NA,NA
"US1DCDC0009",2017-06-18,0,0,NA,NA,NA,NA
"US1DCDC0009",2017-06-19,0,NA,NA,NA,NA,NA
"US1DCDC0009",2017-06-20,173,NA,NA,NA,NA,NA
"US1DCDC0009",2017-06-21,0,NA,NA,NA,NA,NA
"US1DCDC0009",2017-06-22,0,NA,NA,NA,NA,NA
"US1DCDC0009",2017-06-23,30,NA,NA,NA,NA,NA
"US1DCDC0009",2017-06-26,NA,NA,3,38,NA,NA
"US1DCDC0009",2017-06-27,0,0,NA,NA,NA,NA
"US1DCDC0009",2017-06-28,15,NA,NA,NA,NA,NA
"US1DCDC0009",2017-06-29,0,NA,NA,NA,NA,NA
"US1DCDC0009",2017-06-30,0,NA,NA,NA,NA,NA
"US1DCDC0009",2017-07-01,0,NA,NA,NA,NA,NA
"US1DCDC0009",2017-07-02,122,NA,NA,NA,NA,NA
"US1DCDC0009",2017-07-03,0,NA,NA,NA,NA,NA
"US1DCDC0009",2017-07-04,0,0,NA,NA,NA,NA
"US1DCDC0009",2017-07-05,10,NA,NA,NA,NA,NA
"US1DCDC0009",2017-07-06,292,NA,NA,NA,NA,NA
"US1DCDC0009",2017-07-07,86,NA,NA,NA,NA,NA
"US1DCDC0009",2017-07-08,3,NA,NA,NA,NA,NA
"US1DCDC0009",2017-07-09,0,NA,NA,NA,NA,NA
"US1DCDC0009",2017-07-10,0,NA,NA,NA,NA,NA
"US1DCDC0009",2017-07-11,0,NA,NA,NA,NA,NA
"US1DCDC0009",2017-07-12,0,NA,NA,NA,NA,NA
"US1DCDC0009",2017-07-13,0,NA,NA,NA,NA,NA
"US1DCDC0009",2017-07-14,0,NA,NA,NA,NA,NA
"US1DCDC0009",2017-07-15,287,NA,NA,NA,NA,NA
"US1DCDC0009",2017-07-18,104,NA,NA,NA,NA,NA
"US1DCDC0009",2017-07-19,3,NA,NA,NA,NA,NA
"US1DCDC0009",2017-07-20,0,NA,NA,NA,NA,NA
"US1DCDC0009",2017-07-21,0,NA,NA,NA,NA,NA
"US1DCDC0009",2017-07-22,0,NA,NA,NA,NA,NA
"US1DCDC0009",2017-07-23,145,NA,NA,NA,NA,NA
"US1DCDC0009",2017-07-24,310,NA,NA,NA,NA,NA
"US1DCDC0009",2017-07-25,8,NA,NA,NA,NA,NA
"US1DCDC0009",2017-07-26,0,NA,NA,NA,NA,NA
"US1DCDC0009",2017-07-27,0,NA,NA,NA,NA,NA
"US1DCDC0009",2017-07-28,0,NA,NA,NA,NA,NA
"US1DCDC0009",2017-07-29,1059,NA,NA,NA,NA,NA
"US1DCDC0009",2017-07-30,13,NA,NA,NA,NA,NA
"US1DCDC0009",2017-08-02,0,NA,NA,NA,NA,NA
"US1DCDC0009",2017-08-04,69,NA,NA,NA,NA,NA
"US1DCDC0009",2017-08-06,0,NA,NA,NA,NA,NA
"US1DCDC0009",2017-08-07,46,NA,NA,NA,NA,NA
"US1DCDC0009",2017-08-08,251,NA,NA,NA,NA,NA
"US1DCDC0009",2017-08-09,0,NA,NA,NA,NA,NA
"US1DCDC0009",2017-08-10,0,NA,NA,NA,NA,NA
"US1DCDC0009",2017-08-11,0,NA,NA,NA,NA,NA
"US1DCDC0009",2017-08-12,180,NA,NA,NA,NA,NA
"US1DCDC0009",2017-08-13,221,NA,NA,NA,NA,NA
"US1DCDC0009",2017-08-15,8,NA,NA,NA,NA,NA
"US1DCDC0009",2017-08-16,43,NA,NA,NA,NA,NA
"US1DCDC0009",2017-08-25,10,NA,NA,NA,NA,NA
"US1DCDC0009",2017-08-26,0,NA,NA,NA,NA,NA
"US1DCDC0009",2017-08-27,0,NA,NA,NA,NA,NA
"US1DCDC0009",2017-08-28,0,NA,NA,NA,NA,NA
"US1DCDC0009",2017-08-29,53,NA,NA,NA,NA,NA
"US1DCDC0009",2017-08-30,198,NA,NA,NA,NA,NA
"US1DCDC0009",2017-08-31,0,NA,NA,NA,NA,NA
"US1DCDC0009",2017-09-01,0,NA,NA,NA,NA,NA
"US1DCDC0009",2017-09-05,NA,NA,4,191,NA,NA
"US1DCDC0009",2017-09-06,38,NA,NA,NA,NA,NA
"US1DCDC0009",2017-09-07,165,NA,NA,NA,NA,NA
"US1DCDC0009",2017-09-08,0,NA,NA,NA,NA,NA
"US1DCDC0009",2017-09-09,0,NA,NA,NA,NA,NA
"US1DCDC0009",2017-09-10,0,NA,NA,NA,NA,NA
"US1DCDC0009",2017-09-11,0,0,NA,NA,NA,NA
"US1DCDC0009",2017-09-12,0,NA,NA,NA,NA,NA
"US1DCDC0009",2017-09-18,0,NA,NA,NA,NA,NA
"US1DCDC0009",2017-09-19,0,NA,NA,NA,NA,NA
"US1DCDC0009",2017-09-20,0,0,NA,NA,NA,NA
"US1DCDC0009",2017-09-21,0,0,NA,NA,NA,NA
"US1DCDC0009",2017-09-22,0,0,NA,NA,NA,NA
"US1DCDC0009",2017-09-25,NA,NA,3,0,NA,NA
"US1DCDC0009",2017-09-26,0,NA,NA,NA,NA,NA
"US1DCDC0009",2017-09-27,0,NA,NA,NA,NA,NA
"US1DCDC0009",2017-09-28,0,NA,NA,NA,NA,NA
"US1DCDC0009",2017-09-29,0,NA,NA,NA,NA,NA
"US1DCDC0009",2017-09-30,0,NA,NA,NA,NA,NA
"US1DCDC0009",2017-10-01,0,NA,NA,NA,NA,NA
"US1DCDC0009",2017-10-02,0,0,NA,NA,NA,NA
"US1DCDC0009",2017-10-03,0,NA,NA,NA,NA,NA
"US1DCDC0009",2017-10-04,0,NA,NA,NA,NA,NA
"US1DCDC0009",2017-10-05,0,NA,NA,NA,NA,NA
"US1DCDC0009",2017-10-06,0,NA,NA,NA,NA,NA
"US1DCDC0009",2017-10-07,0,NA,NA,NA,NA,NA
"US1DCDC0009",2017-10-08,0,NA,NA,NA,NA,NA
"US1DCDC0009",2017-10-09,150,NA,NA,NA,NA,NA
"US1DCDC0009",2017-10-10,25,NA,NA,NA,NA,NA
"US1DCDC0009",2017-10-11,0,NA,NA,NA,NA,NA
"US1DCDC0009",2017-10-12,43,NA,NA,NA,NA,NA
"US1DCDC0009",2017-10-13,3,NA,NA,NA,NA,NA
"US1DCDC0009",2017-10-14,3,NA,NA,NA,NA,NA
"US1DCDC0009",2017-10-16,NA,NA,2,30,NA,NA
"US1DCDC0009",2017-10-17,0,0,NA,NA,NA,NA
"US1DCDC0009",2017-10-18,0,0,NA,NA,NA,NA
"US1DCDC0009",2017-10-19,0,0,NA,NA,NA,NA
"US1DCDC0009",2017-10-20,0,NA,NA,NA,NA,NA
"US1DCDC0009",2017-10-21,0,NA,NA,NA,NA,NA
"US1DCDC0009",2017-10-22,0,NA,NA,NA,NA,NA
"US1DCDC0009",2017-10-23,0,NA,NA,NA,NA,NA
"US1DCDC0009",2017-10-24,38,NA,NA,NA,NA,NA
"US1DCDC0009",2017-10-25,0,NA,NA,NA,NA,NA
"US1DCDC0009",2017-10-26,0,NA,NA,NA,NA,NA
"US1DCDC0009",2017-10-27,0,NA,NA,NA,NA,NA
"US1DCDC0009",2017-11-03,0,NA,NA,NA,NA,NA
"US1DCDC0009",2017-11-04,0,NA,NA,NA,NA,NA
"US1DCDC0009",2017-11-05,173,NA,NA,NA,NA,NA
"US1DCDC0009",2017-11-06,5,NA,NA,NA,NA,NA
"US1DCDC0009",2017-11-21,0,NA,NA,NA,NA,NA
"US1DCDC0009",2018-05-29,0,NA,NA,NA,NA,NA
"US1DCDC0009",2018-05-30,0,NA,NA,NA,NA,NA
"US1DCDC0009",2018-05-31,5,NA,NA,NA,NA,NA
"US1DCDC0009",2018-06-01,330,NA,NA,NA,NA,NA
"US1DCDC0009",2018-06-02,0,NA,NA,NA,NA,NA
"US1DCDC0009",2018-06-03,10,NA,NA,NA,NA,NA
"US1DCDC0009",2018-06-04,467,NA,NA,NA,NA,NA
"US1DCDC0009",2018-06-05,0,NA,NA,NA,NA,NA
"US1DCDC0009",2018-06-06,0,NA,NA,NA,NA,NA
"US1DCDC0009",2018-06-07,0,NA,NA,NA,NA,NA
"US1DCDC0009",2018-06-08,0,NA,NA,NA,NA,NA
"US1DCDC0009",2018-06-09,38,NA,NA,NA,NA,NA
"US1DCDC0009",2018-06-10,25,NA,NA,NA,NA,NA
"US1DCDC0009",2018-06-11,130,NA,NA,NA,NA,NA
"US1DCDC0009",2018-06-12,0,NA,NA,NA,NA,NA
"US1DCDC0009",2018-06-13,0,NA,NA,NA,NA,NA
"US1DCDC0009",2018-06-14,0,NA,NA,NA,NA,NA
"US1DCDC0009",2018-06-15,0,NA,NA,NA,NA,NA
"US1DCDC0009",2018-06-16,0,NA,NA,NA,NA,NA
"US1DCDC0009",2018-06-17,0,NA,NA,NA,NA,NA
"US1DCDC0009",2018-06-18,0,NA,NA,NA,NA,NA
"US1DCDC0009",2018-06-19,0,NA,NA,NA,NA,NA
"US1DCDC0009",2018-06-21,NA,NA,2,241,NA,NA
"US1DCDC0009",2018-06-22,13,NA,NA,NA,NA,NA
"US1DCDC0009",2018-06-23,119,NA,NA,NA,NA,NA
"US1DCDC0009",2018-06-24,36,NA,NA,NA,NA,NA
"US1DCDC0009",2018-06-25,33,NA,NA,NA,NA,NA
"US1DCDC0009",2018-06-26,0,NA,NA,NA,NA,NA
"US1DCDC0009",2018-06-27,0,NA,NA,NA,NA,NA
"US1DCDC0009",2018-06-28,36,NA,NA,NA,NA,NA
"US1DCDC0009",2018-06-29,0,NA,NA,NA,NA,NA
"US1DCDC0009",2018-07-02,NA,NA,3,0,NA,NA
"US1DCDC0009",2018-07-03,0,NA,NA,NA,NA,NA
"US1DCDC0009",2018-07-04,8,NA,NA,NA,NA,NA
"US1DCDC0009",2018-07-05,0,NA,NA,NA,NA,NA
"US1DCDC0009",2018-07-06,0,NA,NA,NA,NA,NA
"US1DCDC0009",2018-07-07,5,NA,NA,NA,NA,NA
"US1DCDC0009",2018-07-08,0,NA,NA,NA,NA,NA
"US1DCDC0009",2018-07-09,0,NA,NA,NA,NA,NA
"US1DCDC0009",2018-07-10,0,NA,NA,NA,NA,NA
"US1DCDC0009",2018-07-11,0,NA,NA,NA,NA,NA
"US1DCDC0009",2018-07-12,0,NA,NA,NA,NA,NA
"US1DCDC0009",2018-07-13,0,NA,NA,NA,NA,NA
"US1DCDC0009",2018-07-14,0,NA,NA,NA,NA,NA
"US1DCDC0009",2018-07-15,0,NA,NA,NA,NA,NA
"US1DCDC0009",2018-07-16,0,NA,NA,NA,NA,NA
"US1DCDC0009",2018-07-17,3,NA,NA,NA,NA,NA
"US1DCDC0009",2018-07-18,541,NA,NA,NA,NA,NA
"US1DCDC0009",2018-07-19,0,NA,NA,NA,NA,NA
"US1DCDC0009",2018-07-24,NA,NA,5,1306,NA,NA
"US1DCDC0009",2018-07-25,91,NA,NA,NA,NA,NA
"US1DCDC0009",2018-07-26,193,NA,NA,NA,NA,NA
"US1DCDC0009",2018-07-27,0,NA,NA,NA,NA,NA
"US1DCDC0009",2018-07-28,3,NA,NA,NA,NA,NA
"US1DCDC0009",2018-08-01,76,NA,NA,NA,NA,NA
"US1DCDC0009",2018-08-05,0,NA,NA,NA,NA,NA
"US1DCDC0009",2018-08-20,0,NA,NA,NA,NA,NA
"US1DCDC0009",2018-08-21,0,NA,NA,NA,NA,NA
"US1DCDC0009",2018-08-22,526,NA,NA,NA,NA,NA
"US1DCDC0009",2018-08-23,3,NA,NA,NA,NA,NA
"US1DCDC0009",2018-08-24,0,NA,NA,NA,NA,NA
"US1DCDC0009",2018-08-25,0,NA,NA,NA,NA,NA
"US1DCDC0009",2018-08-26,0,NA,NA,NA,NA,NA
"US1DCDC0009",2018-08-27,0,NA,NA,NA,NA,NA
"US1DCDC0009",2018-08-28,0,NA,NA,NA,NA,NA
"US1DCDC0009",2018-08-29,0,NA,NA,NA,NA,NA
"US1DCDC0009",2018-08-30,0,NA,NA,NA,NA,NA
"US1DCDC0009",2018-08-31,8,NA,NA,NA,NA,NA
"US1DCDC0009",2018-09-02,NA,NA,2,175,NA,NA
"US1DCDC0009",2018-09-03,0,NA,NA,NA,NA,NA
"US1DCDC0009",2018-09-04,0,NA,NA,NA,NA,NA
"US1DCDC0009",2018-09-05,124,NA,NA,NA,NA,NA
"US1DCDC0009",2018-09-06,0,NA,NA,NA,NA,NA
"US1DCDC0009",2018-09-07,0,NA,NA,NA,NA,NA
"US1DCDC0009",2018-09-08,419,NA,NA,NA,NA,NA
"US1DCDC0009",2018-09-09,277,NA,NA,NA,NA,NA
"US1DCDC0009",2018-09-10,201,NA,NA,NA,NA,NA
"US1DCDC0009",2018-09-11,5,NA,NA,NA,NA,NA
"US1DCDC0009",2018-09-12,0,NA,NA,NA,NA,NA
"US1DCDC0009",2018-09-13,0,NA,NA,NA,NA,NA
"US1DCDC0009",2018-09-14,5,NA,NA,NA,NA,NA
"US1DCDC0009",2018-09-15,0,NA,NA,NA,NA,NA
"US1DCDC0009",2018-09-16,0,NA,NA,NA,NA,NA
"US1DCDC0009",2018-09-17,0,NA,NA,NA,NA,NA
"US1DCDC0009",2018-09-18,427,NA,NA,NA,NA,NA
"US1DCDC0009",2018-09-19,15,NA,NA,NA,NA,NA
"US1DCDC0009",2018-09-20,0,NA,NA,NA,NA,NA
"US1DCDC0009",2018-09-21,0,NA,NA,NA,NA,NA
"US1DCDC0009",2018-09-24,NA,NA,3,279,NA,NA
"US1DCDC0009",2018-09-25,74,NA,NA,NA,NA,NA
"US1DCDC0009",2018-09-26,18,NA,NA,NA,NA,NA
"US1DCDC0009",2018-09-27,38,NA,NA,NA,NA,NA
"US1DCDC0009",2018-09-28,333,NA,NA,NA,NA,NA
"US1DCDC0009",2018-09-29,0,NA,NA,NA,NA,NA
"US1DCDC0009",2018-09-30,0,NA,NA,NA,NA,NA
"US1DCDC0009",2018-10-01,0,NA,NA,NA,NA,NA
"US1DCDC0009",2018-10-02,0,NA,NA,NA,NA,NA
"US1DCDC0009",2018-10-03,0,NA,NA,NA,NA,NA
"US1DCDC0009",2018-10-04,0,NA,NA,NA,NA,NA
"US1DCDC0009",2018-10-05,0,NA,NA,NA,NA,NA
"US1DCDC0009",2018-10-06,0,NA,NA,NA,NA,NA
"US1DCDC0009",2018-10-07,0,NA,NA,NA,NA,NA
"US1DCDC0009",2018-10-08,0,NA,NA,NA,NA,NA
"US1DCDC0009",2018-10-09,0,NA,NA,NA,NA,NA
"US1DCDC0009",2018-10-10,46,NA,NA,NA,NA,NA
"US1DCDC0009",2018-10-11,36,NA,NA,NA,NA,NA
"US1DCDC0009",2018-10-12,345,NA,NA,NA,NA,NA
"US1DCDC0009",2018-10-22,0,NA,NA,NA,NA,NA
"US1DCDC0009",2018-10-23,0,NA,NA,NA,NA,NA
"US1DCDC0009",2018-10-24,0,NA,NA,NA,NA,NA
"US1DCDC0009",2018-10-25,0,NA,NA,NA,NA,NA
"US1DCDC0009",2018-10-26,0,NA,NA,NA,NA,NA
"US1DCDC0009",2018-11-01,0,NA,NA,NA,NA,NA
"US1DCDC0009",2018-11-02,0,NA,NA,NA,NA,NA
"US1DCDC0009",2018-11-03,191,NA,NA,NA,NA,NA
"US1DCDC0009",2018-11-04,0,NA,NA,NA,NA,NA
"US1DCDC0009",2018-11-05,124,NA,NA,NA,NA,NA
"US1DCDC0009",2018-11-06,297,NA,NA,NA,NA,NA
"US1DCDC0009",2018-11-07,185,NA,NA,NA,NA,NA
"US1DCDC0009",2018-11-08,0,NA,NA,NA,NA,NA
"US1DCDC0009",2018-11-09,8,NA,NA,NA,NA,NA
"US1DCDC0009",2018-11-10,124,NA,NA,NA,NA,NA
"US1DCDC0009",2018-11-13,NA,NA,3,244,NA,NA
"US1DCDC0009",2018-11-14,0,NA,NA,NA,NA,NA
"US1DCDC0009",2018-11-19,0,NA,NA,NA,NA,NA
"US1DCDC0009",2018-11-20,0,NA,NA,NA,NA,NA
"US1DCDC0009",2018-11-21,0,NA,NA,NA,NA,NA
"US1DCDC0009",2018-12-05,0,NA,NA,NA,NA,NA
"US1DCDC0009",2018-12-06,0,NA,NA,NA,NA,NA
"US1DCDC0009",2018-12-07,0,NA,NA,NA,NA,NA
"US1DCDC0009",2018-12-08,0,NA,NA,NA,NA,NA
"US1DCDC0009",2018-12-09,0,NA,NA,NA,NA,NA
"US1DCDC0009",2018-12-10,0,NA,NA,NA,NA,NA
"US1DCDC0009",2018-12-11,0,NA,NA,NA,NA,NA
"US1DCDC0009",2018-12-12,0,NA,NA,NA,NA,NA
"US1DCDC0009",2018-12-13,0,NA,NA,NA,NA,NA
"US1DCDC0009",2018-12-14,0,NA,NA,NA,NA,NA
"US1DCDC0009",2018-12-16,NA,NA,2,803,NA,NA
"US1DCDC0009",2018-12-17,89,NA,NA,NA,NA,NA
"US1DCDC0009",2018-12-18,0,NA,NA,NA,NA,NA
"US1DCDC0009",2018-12-19,0,NA,NA,NA,NA,NA
"US1DCDC0009",2018-12-20,0,NA,NA,NA,NA,NA
"US1DCDC0009",2018-12-21,109,NA,NA,NA,NA,NA
"US1DCDC0009",2018-12-22,30,NA,NA,NA,NA,NA
"US1DCDC0009",2019-05-13,NA,NA,3,310,NA,NA
"US1DCDC0009",2019-05-14,76,NA,NA,NA,NA,NA
"US1DCDC0009",2019-05-15,0,NA,NA,NA,NA,NA
"US1DCDC0009",2019-05-16,0,NA,NA,NA,NA,NA
"US1DCDC0009",2019-05-27,10,NA,NA,NA,NA,NA
"US1DCDC0009",2019-05-28,112,NA,NA,NA,NA,NA
"US1DCDC0009",2019-05-29,0,NA,NA,NA,NA,NA
"US1DCDC0009",2019-05-30,0,NA,NA,NA,NA,NA
"US1DCDC0009",2019-05-31,61,NA,NA,NA,NA,NA
"US1DCDC0009",2019-06-01,0,NA,NA,NA,NA,NA
"US1DCDC0009",2019-06-02,0,NA,NA,NA,NA,NA
"US1DCDC0009",2019-06-03,10,NA,NA,NA,NA,NA
"US1DCDC0009",2019-06-04,0,NA,NA,NA,NA,NA
"US1DCDC0009",2019-06-05,0,NA,NA,NA,NA,NA
"US1DCDC0009",2019-06-06,3,NA,NA,NA,NA,NA
"US1DCDC0009",2019-06-07,0,NA,NA,NA,NA,NA
"US1DCDC0009",2019-06-08,0,NA,NA,NA,NA,NA
"US1DCDC0009",2019-06-09,0,NA,NA,NA,NA,NA
"US1DCDC0009",2019-06-10,48,NA,NA,NA,NA,NA
"US1DCDC0009",2019-06-11,97,NA,NA,NA,NA,NA
"US1DCDC0009",2019-06-12,0,NA,NA,NA,NA,NA
"US1DCDC0009",2019-06-13,170,NA,NA,NA,NA,NA
"US1DCDC0009",2019-06-14,69,NA,NA,NA,NA,NA
"US1DCDC0009",2019-06-15,0,NA,NA,NA,NA,NA
"US1DCDC0009",2019-06-16,0,NA,NA,NA,NA,NA
"US1DCDC0009",2019-06-17,0,NA,NA,NA,NA,NA
"US1DCDC0009",2019-06-18,191,NA,NA,NA,NA,NA
"US1DCDC0009",2019-06-19,254,NA,NA,NA,NA,NA
"US1DCDC0009",2019-06-20,0,NA,NA,NA,NA,NA
"US1DCDC0009",2019-06-21,18,NA,NA,NA,NA,NA
"US1DCDC0009",2019-06-22,0,NA,NA,NA,NA,NA
"US1DCDC0009",2019-06-23,0,NA,NA,NA,NA,NA
"US1DCDC0009",2019-06-24,0,NA,NA,NA,NA,NA
"US1DCDC0009",2019-06-25,74,NA,NA,NA,NA,NA
"US1DCDC0009",2019-06-26,0,NA,NA,NA,NA,NA
"US1DCDC0009",2019-06-27,0,NA,NA,NA,NA,NA
"US1DCDC0009",2019-06-28,8,NA,NA,NA,NA,NA
"US1DCDC0009",2019-06-29,0,NA,NA,NA,NA,NA
"US1DCDC0009",2019-06-30,36,NA,NA,NA,NA,NA
"US1DCDC0009",2019-07-01,0,NA,NA,NA,NA,NA
"US1DCDC0009",2019-07-02,0,NA,NA,NA,NA,NA
"US1DCDC0009",2019-07-03,193,NA,NA,NA,NA,NA
"US1DCDC0009",2019-07-04,0,NA,NA,NA,NA,NA
"US1DCDC0009",2019-07-05,33,NA,NA,NA,NA,NA
"US1DCDC0009",2019-07-06,0,NA,NA,NA,NA,NA
"US1DCDC0009",2019-07-07,231,NA,NA,NA,NA,NA
"US1DCDC0009",2019-07-08,0,NA,NA,NA,NA,NA
"US1DCDC0009",2019-07-09,813,NA,NA,NA,NA,NA
"US1DCDC0009",2019-07-10,0,NA,NA,NA,NA,NA
"US1DCDC0009",2019-07-11,0,NA,NA,NA,NA,NA
"US1DCDC0009",2019-07-12,140,NA,NA,NA,NA,NA
"US1DCDC0009",2019-07-13,0,NA,NA,NA,NA,NA
"US1DCDC0009",2019-07-14,0,NA,NA,NA,NA,NA
"US1DCDC0009",2019-07-15,0,NA,NA,NA,NA,NA
"US1DCDC0009",2019-07-16,0,NA,NA,NA,NA,NA
"US1DCDC0009",2019-07-17,0,NA,NA,NA,NA,NA
"US1DCDC0009",2019-07-18,20,NA,NA,NA,NA,NA
"US1DCDC0009",2019-07-19,0,NA,NA,NA,NA,NA
"US1DCDC0009",2019-07-20,0,NA,NA,NA,NA,NA
"US1DCDC0009",2019-07-21,0,NA,NA,NA,NA,NA
"US1DCDC0009",2019-07-22,0,NA,NA,NA,NA,NA
"US1DCDC0009",2019-07-23,8,NA,NA,NA,NA,NA
"US1DCDC0009",2019-07-24,18,NA,NA,NA,NA,NA
"US1DCDC0009",2019-07-25,160,NA,NA,NA,NA,NA
"US1DCDC0009",2019-07-26,5,NA,NA,NA,NA,NA
"US1DCDC0009",2019-07-27,0,NA,NA,NA,NA,NA
"US1DCDC0009",2019-07-28,0,NA,NA,NA,NA,NA
"US1DCDC0009",2019-07-29,0,NA,NA,NA,NA,NA
"US1DCDC0009",2019-07-30,0,NA,NA,NA,NA,NA
"US1DCDC0009",2019-07-31,0,NA,NA,NA,NA,NA
"US1DCDC0009",2019-08-01,0,NA,NA,NA,NA,NA
"US1DCDC0009",2019-08-03,NA,NA,2,8,NA,NA
"US1DCDC0009",2019-08-04,0,NA,NA,NA,NA,NA
"US1DCDC0009",2019-08-05,0,NA,NA,NA,NA,NA
"US1DCDC0009",2019-08-06,0,NA,NA,NA,NA,NA
"US1DCDC0009",2019-08-08,246,NA,NA,NA,NA,NA
"US1DCDC0009",2019-08-09,0,NA,NA,NA,NA,NA
"US1DCDC0009",2019-08-10,0,NA,NA,NA,NA,NA
"US1DCDC0009",2019-08-11,0,NA,NA,NA,NA,NA
"US1DCDC0009",2019-08-12,0,NA,NA,NA,NA,NA
"US1DCDC0009",2019-08-13,0,NA,NA,NA,NA,NA
"US1DCDC0009",2019-08-14,38,NA,NA,NA,NA,NA
"US1DCDC0009",2019-08-15,0,NA,NA,NA,NA,NA
"US1DCDC0009",2019-08-16,13,NA,NA,NA,NA,NA
"US1DCDC0009",2019-08-27,0,NA,NA,NA,NA,NA
"US1DCDC0009",2019-08-28,0,NA,NA,NA,NA,NA
"US1DCDC0009",2019-08-29,5,NA,NA,NA,NA,NA
"US1DCDC0009",2019-08-30,0,NA,NA,NA,NA,NA
"US1DCDC0009",2019-08-31,0,NA,NA,NA,NA,NA
"US1DCDC0009",2019-09-01,0,NA,NA,NA,NA,NA
"US1DCDC0009",2019-09-02,0,NA,NA,NA,NA,NA
"US1DCDC0009",2019-09-03,0,NA,NA,NA,NA,NA
"US1DCDC0009",2019-09-20,0,NA,NA,NA,NA,NA
"US1DCDC0009",2019-09-21,0,NA,NA,NA,NA,NA
"US1DCDC0009",2019-09-22,0,NA,NA,NA,NA,NA
"US1DCDC0009",2019-09-23,0,NA,NA,NA,NA,NA
"US1DCDC0009",2019-09-24,0,NA,NA,NA,NA,NA
"US1DCDC0009",2019-09-25,0,NA,NA,NA,NA,NA
"US1DCDC0009",2019-09-26,0,NA,NA,NA,NA,NA
"US1DCDC0009",2019-09-27,0,NA,NA,NA,NA,NA
"US1DCDC0009",2019-09-28,0,NA,NA,NA,NA,NA
"US1DCDC0009",2019-09-29,0,NA,NA,NA,NA,NA
"US1DCDC0009",2019-09-30,0,NA,NA,NA,NA,NA
"US1DCDC0009",2019-10-01,58,NA,NA,NA,NA,NA
"US1DCDC0009",2019-10-02,0,NA,NA,NA,NA,NA
"US1DCDC0009",2019-10-03,0,NA,NA,NA,NA,NA
"US1DCDC0009",2019-10-04,0,NA,NA,NA,NA,NA
"US1DCDC0009",2019-10-05,0,NA,NA,NA,NA,NA
"US1DCDC0009",2019-10-06,0,NA,NA,NA,NA,NA
"US1DCDC0009",2019-10-07,0,NA,NA,NA,NA,NA
"US1DCDC0009",2019-10-08,8,NA,NA,NA,NA,NA
"US1DCDC0009",2019-10-09,18,NA,NA,NA,NA,NA
"US1DCDC0009",2019-10-10,0,NA,NA,NA,NA,NA
"US1DCDC0009",2019-10-11,0,NA,NA,NA,NA,NA
"US1DCDC0009",2019-10-12,0,NA,NA,NA,NA,NA
"US1DCDC0009",2019-10-13,0,NA,NA,NA,NA,NA
"US1DCDC0009",2019-10-14,15,NA,NA,NA,NA,NA
"US1DCDC0009",2019-10-15,0,NA,NA,NA,NA,NA
"US1DCDC0009",2019-10-16,0,NA,NA,NA,NA,NA
"US1DCDC0009",2019-10-17,328,NA,NA,NA,NA,NA
"US1DCDC0009",2019-10-18,0,NA,NA,NA,NA,NA
"US1DCDC0009",2019-10-19,0,NA,NA,NA,NA,NA
"US1DCDC0009",2019-10-20,53,NA,NA,NA,NA,NA
"US1DCDC0009",2019-10-21,366,NA,NA,NA,NA,NA
"US1DCDC0009",2019-10-22,0,NA,NA,NA,NA,NA
"US1DCDC0009",2019-10-23,170,NA,NA,NA,NA,NA
"US1DCDC0009",2019-10-24,0,NA,NA,NA,NA,NA
"US1DCDC0009",2019-10-25,0,NA,NA,NA,NA,NA
"US1DCDC0009",2019-10-26,0,NA,NA,NA,NA,NA
"US1DCDC0009",2019-10-27,117,NA,NA,NA,NA,NA
"US1DCDC0009",2019-10-28,203,NA,NA,NA,NA,NA
"US1DCDC0009",2019-10-29,0,NA,NA,NA,NA,NA
"US1DCDC0009",2019-10-30,0,NA,NA,NA,NA,NA
"US1DCDC0009",2019-11-01,NA,NA,2,419,NA,NA
"US1DCDC0009",2019-11-06,NA,NA,5,0,NA,NA
"US1DCDC0009",2019-11-07,0,NA,NA,NA,NA,NA
"US1DCDC0009",2019-11-10,0,NA,NA,NA,NA,NA
"US1DCDC0009",2019-11-11,0,NA,NA,NA,NA,NA
"US1DCDC0009",2019-11-12,23,NA,NA,NA,NA,NA
"US1DCDC0009",2019-11-13,3,NA,NA,NA,NA,NA
"US1DCDC0009",2019-11-14,0,NA,NA,NA,NA,NA
"US1DCDC0009",2019-11-15,0,NA,NA,NA,NA,NA
"US1DCDC0009",2019-11-16,0,NA,NA,NA,NA,NA
"US1DCDC0009",2019-11-17,0,NA,NA,NA,NA,NA
"US1DCDC0009",2019-11-18,0,NA,NA,NA,NA,NA
"US1DCDC0009",2019-11-19,84,NA,NA,NA,NA,NA
"US1DCDC0009",2019-11-20,0,NA,NA,NA,NA,NA
"US1DCDC0009",2019-11-21,0,NA,NA,NA,NA,NA
"US1DCDC0009",2019-11-22,0,NA,NA,NA,NA,NA
"US1DCDC0009",2019-11-23,46,NA,NA,NA,NA,NA
"US1DCDC0009",2019-11-24,178,NA,NA,NA,NA,NA
"US1DCDC0009",2019-11-25,0,NA,NA,NA,NA,NA
"US1DCDC0009",2019-11-26,0,NA,NA,NA,NA,NA
"US1DCDC0009",2019-11-27,5,NA,NA,NA,NA,NA
"US1DCDC0009",2019-12-09,5,NA,NA,NA,NA,NA
"US1DCDC0009",2019-12-10,203,NA,NA,NA,NA,NA
"US1DCDC0009",2019-12-11,48,0,NA,NA,0,NA
"US1DCDC0009",2019-12-12,0,NA,NA,NA,NA,NA
"US1DCDC0009",2019-12-13,0,NA,NA,NA,NA,NA
"US1DCDC0009",2019-12-15,NA,NA,2,102,NA,NA
"US1DCDC0009",2019-12-16,38,NA,NA,NA,NA,NA
"US1DCDC0009",2019-12-17,107,NA,NA,NA,NA,NA
"US1DCDC0009",2019-12-18,15,NA,NA,NA,NA,NA
"US1DCDC0009",2019-12-19,0,NA,NA,NA,NA,NA
"US1DCDC0009",2020-01-24,0,NA,NA,NA,NA,NA
"US1DCDC0009",2020-01-31,0,NA,NA,NA,NA,NA
"US1DCDC0009",2020-03-02,0,NA,NA,NA,NA,NA
"US1DCDC0009",2020-03-03,28,NA,NA,NA,NA,NA
"US1DCDC0009",2020-03-04,20,NA,NA,NA,NA,NA
"US1DCDC0009",2020-03-05,0,NA,NA,NA,NA,NA
"US1DCDC0009",2020-03-06,0,NA,NA,NA,NA,NA
"US1DCDC0009",2020-03-18,0,NA,NA,NA,NA,NA
"US1DCDC0009",2020-03-19,117,NA,NA,NA,NA,NA
"US1DCDC0009",2020-03-20,0,NA,NA,NA,NA,NA
"US1DCDC0009",2020-03-21,30,NA,NA,NA,NA,NA
"US1DCDC0009",2020-03-22,0,NA,NA,NA,NA,NA
"US1DCDC0009",2020-03-23,41,NA,NA,NA,NA,NA
"US1DCDC0009",2020-03-24,56,NA,NA,NA,NA,NA
"US1DCDC0009",2020-03-25,23,NA,NA,NA,NA,NA
"US1DCDC0009",2020-03-26,48,NA,NA,NA,NA,NA
"US1DCDC0009",2020-03-27,0,NA,NA,NA,NA,NA
"US1DCDC0009",2020-03-28,86,NA,NA,NA,NA,NA
"US1DCDC0009",2020-03-29,33,NA,NA,NA,NA,NA
"US1DCDC0009",2020-04-05,0,NA,NA,NA,NA,NA
"US1DCDC0009",2020-04-06,0,NA,NA,NA,NA,NA
"US1DCDC0009",2020-04-07,0,NA,NA,NA,NA,NA
"US1DCDC0009",2020-04-21,0,NA,NA,NA,NA,NA
"US1DCDC0009",2020-04-22,0,NA,NA,NA,NA,NA
"US1DCDC0009",2020-04-23,0,NA,NA,NA,NA,NA
"US1DCDC0009",2020-04-24,335,NA,NA,NA,NA,NA
"US1DCDC0009",2020-04-25,20,NA,NA,NA,NA,NA
"US1DCDC0009",2020-04-26,74,NA,NA,NA,NA,NA
"US1DCDC0009",2020-04-27,36,NA,NA,NA,NA,NA
"US1DCDC0009",2020-04-28,0,NA,NA,NA,NA,NA
"US1DCDC0009",2020-04-29,8,NA,NA,NA,NA,NA
"US1DCDC0009",2020-04-30,3,NA,NA,NA,NA,NA
"US1DCDC0009",2020-05-01,297,NA,NA,NA,NA,NA
"US1DCDC0009",2020-05-02,15,NA,NA,NA,NA,NA
"US1DCDC0009",2020-05-03,0,NA,NA,NA,NA,NA
"US1DCDC0009",2020-05-04,297,NA,NA,NA,NA,NA
"US1DCDC0009",2020-05-05,0,NA,NA,NA,NA,NA
"US1DCDC0009",2020-05-07,NA,NA,2,107,NA,NA
"US1DCDC0009",2020-05-08,0,NA,NA,NA,NA,NA
"US1DCDC0009",2020-05-09,30,NA,NA,NA,NA,NA
"US1DCDC0009",2020-05-12,0,NA,NA,NA,NA,NA
"US1DCDC0009",2020-05-13,0,NA,NA,NA,NA,NA
"US1DCDC0009",2020-05-14,0,NA,NA,NA,NA,NA
"US1DCDC0009",2020-05-15,3,NA,NA,NA,NA,NA
"US1DCDC0009",2020-05-16,0,NA,NA,NA,NA,NA
"US1DCDC0009",2020-05-17,0,NA,NA,NA,NA,NA
"US1DCDC0009",2020-05-18,0,NA,NA,NA,NA,NA
"US1DCDC0009",2020-05-19,0,NA,NA,NA,NA,NA
"US1DCDC0009",2020-05-20,0,NA,NA,NA,NA,NA
"US1DCDC0009",2020-05-21,0,NA,NA,NA,NA,NA
"US1DCDC0009",2020-05-22,41,NA,NA,NA,NA,NA
"US1DCDC0009",2020-05-23,196,NA,NA,NA,NA,NA
"US1DCDC0009",2020-05-24,0,NA,NA,NA,NA,NA
"US1DCDC0009",2020-05-25,0,NA,NA,NA,NA,NA
"US1DCDC0009",2020-05-26,0,NA,NA,NA,NA,NA
"US1DCDC0009",2020-05-27,0,NA,NA,NA,NA,NA
"US1DCDC0009",2020-05-28,3,NA,NA,NA,NA,NA
"US1DCDC0009",2020-05-29,15,NA,NA,NA,NA,NA
"US1DCDC0009",2020-05-30,3,NA,NA,NA,NA,NA
"US1DCDC0009",2020-05-31,0,NA,NA,NA,NA,NA
"US1DCDC0009",2020-06-01,0,NA,NA,NA,NA,NA
"US1DCDC0009",2020-06-02,0,NA,NA,NA,NA,NA
"US1DCDC0009",2020-06-03,0,NA,NA,NA,NA,NA
"US1DCDC0009",2020-06-04,61,NA,NA,NA,NA,NA
"US1DCDC0009",2020-06-05,208,NA,NA,NA,NA,NA
"US1DCDC0009",2020-06-06,262,NA,NA,NA,NA,NA
"US1DCDC0009",2020-06-07,0,NA,NA,NA,NA,NA
"US1DCDC0009",2020-06-08,0,NA,NA,NA,NA,NA
"US1DCDC0009",2020-06-09,0,NA,NA,NA,NA,NA
"US1DCDC0009",2020-06-10,0,NA,NA,NA,NA,NA
"US1DCDC0009",2020-06-11,61,NA,NA,NA,NA,NA
"US1DCDC0009",2020-06-14,NA,NA,3,91,NA,NA
"US1DCDC0009",2020-06-15,0,NA,NA,NA,NA,NA
"US1DCDC0009",2020-06-16,0,NA,NA,NA,NA,NA
"US1DCDC0009",2020-06-17,0,NA,NA,NA,NA,NA
"US1DCDC0009",2020-06-18,168,NA,NA,NA,NA,NA
"US1DCDC0009",2020-06-19,0,NA,NA,NA,NA,NA
"US1DCDC0009",2020-06-20,13,NA,NA,NA,NA,NA
"US1DCDC0009",2020-06-21,157,NA,NA,NA,NA,NA
"US1DCDC0009",2020-06-22,5,NA,NA,NA,NA,NA
"US1DCDC0009",2020-06-23,0,NA,NA,NA,NA,NA
"US1DCDC0009",2020-06-24,0,NA,NA,NA,NA,NA
"US1DCDC0009",2020-06-25,0,NA,NA,NA,NA,NA
"US1DCDC0009",2020-06-26,0,NA,NA,NA,NA,NA
"US1DCDC0009",2020-06-27,0,NA,NA,NA,NA,NA
"US1DCDC0009",2020-06-28,23,NA,NA,NA,NA,NA
"US1DCDC0009",2020-06-29,0,NA,NA,NA,NA,NA
"US1DCDC0009",2020-06-30,0,NA,NA,NA,NA,NA
"US1DCDC0009",2020-07-01,0,NA,NA,NA,NA,NA
"US1DCDC0009",2020-07-02,0,NA,NA,NA,NA,NA
"US1DCDC0009",2020-07-03,0,NA,NA,NA,NA,NA
"US1DCDC0009",2020-07-04,0,NA,NA,NA,NA,NA
"US1DCDC0009",2020-07-05,0,NA,NA,NA,NA,NA
"US1DCDC0009",2020-07-06,3,NA,NA,NA,NA,NA
"US1DCDC0009",2020-07-07,676,NA,NA,NA,NA,NA
"US1DCDC0009",2020-07-08,3,NA,NA,NA,NA,NA
"US1DCDC0009",2020-07-09,0,NA,NA,NA,NA,NA
"US1DCDC0009",2020-07-10,3,NA,NA,NA,NA,NA
"US1DCDC0009",2020-07-11,0,NA,NA,NA,NA,NA
"US1DCDC0009",2020-07-12,3,NA,NA,NA,NA,NA
"US1DCDC0009",2020-07-13,3,NA,NA,NA,NA,NA
"US1DCDC0009",2020-07-14,33,NA,NA,NA,NA,NA
"US1DCDC0009",2020-07-15,0,0,NA,NA,NA,NA
"US1DCDC0009",2020-07-16,0,0,NA,NA,NA,NA
"US1DCDC0009",2020-07-17,0,0,NA,NA,NA,NA
"US1DCDC0009",2020-07-18,0,0,NA,NA,NA,NA
"US1DCDC0009",2020-07-19,0,0,NA,NA,NA,NA
"US1DCDC0009",2020-07-20,0,0,NA,NA,NA,NA
"US1DCDC0009",2020-07-21,3,NA,NA,NA,NA,NA
"US1DCDC0009",2020-07-22,66,NA,NA,NA,NA,NA
"US1DCDC0009",2020-07-23,150,NA,NA,NA,NA,NA
"US1DCDC0009",2020-07-24,399,NA,NA,NA,NA,NA
"US1DCDC0009",2020-07-25,38,NA,NA,NA,NA,NA
"US1DCDC0009",2020-07-26,0,NA,NA,NA,NA,NA
"US1DCDC0009",2020-07-27,0,0,NA,NA,NA,NA
"US1DCDC0009",2020-07-28,0,0,NA,NA,NA,NA
"US1DCDC0009",2020-07-29,0,0,NA,NA,NA,NA
"US1DCDC0009",2020-07-30,0,0,NA,NA,NA,NA
"US1DCDC0009",2020-07-31,58,NA,NA,NA,NA,NA
"US1DCDC0009",2020-08-01,15,NA,NA,NA,NA,NA
"US1DCDC0009",2020-08-02,0,NA,NA,NA,NA,NA
"US1DCDC0009",2020-08-03,28,NA,NA,NA,NA,NA
"US1DCDC0009",2020-08-04,427,NA,NA,NA,NA,NA
"US1DCDC0009",2020-08-05,516,NA,NA,NA,NA,NA
"US1DCDC0009",2020-08-06,102,NA,NA,NA,NA,NA
"US1DCDC0009",2020-08-07,79,NA,NA,NA,NA,NA
"US1DCDC0009",2020-08-08,36,NA,NA,NA,NA,NA
"US1DCDC0009",2020-08-09,0,NA,NA,NA,NA,NA
"US1DCDC0009",2020-08-10,58,NA,NA,NA,NA,NA
"US1DCDC0009",2020-08-11,0,0,NA,NA,NA,NA
"US1DCDC0009",2020-08-12,56,NA,NA,NA,NA,NA
"US1DCDC0009",2020-08-13,33,NA,NA,NA,NA,NA
"US1DCDC0009",2020-08-14,201,NA,NA,NA,NA,NA
"US1DCDC0009",2020-08-15,3,NA,NA,NA,NA,NA
"US1DCDC0009",2020-08-16,315,NA,NA,NA,NA,NA
"US1DCDC0009",2020-08-17,18,NA,NA,NA,NA,NA
"US1DCDC0009",2020-08-18,18,NA,NA,NA,NA,NA
"US1DCDC0009",2020-08-19,13,NA,NA,NA,NA,NA
"US1DCDC0009",2020-08-20,28,NA,NA,NA,NA,NA
"US1DCDC0009",2020-08-21,0,0,NA,NA,NA,NA
"US1DCDC0009",2020-08-22,3,NA,NA,NA,NA,NA
"US1DCDC0009",2020-08-23,0,NA,NA,NA,NA,NA
"US1DCDC0009",2020-08-24,0,0,NA,NA,NA,NA
"US1DCDC0009",2020-08-25,13,NA,NA,NA,NA,NA
"US1DCDC0009",2020-08-26,5,NA,NA,NA,NA,NA
"US1DCDC0009",2020-08-27,0,0,NA,NA,NA,NA
"US1DCDC0009",2020-08-28,0,0,NA,NA,NA,NA
"US1DCDC0009",2020-08-29,536,NA,NA,NA,NA,NA
"US1DCDC0009",2020-08-30,84,NA,NA,NA,NA,NA
"US1DCDC0009",2020-08-31,0,NA,NA,NA,NA,NA
"US1DCDC0009",2020-09-04,165,NA,NA,NA,NA,NA
"US1DCDC0009",2020-09-05,0,NA,NA,NA,NA,NA
"US1DCDC0009",2020-09-06,0,NA,NA,NA,NA,NA
"US1DCDC0009",2020-09-07,0,NA,NA,NA,NA,NA
"US1DCDC0009",2020-09-08,0,NA,NA,NA,NA,NA
"US1DCDC0009",2020-09-09,0,NA,NA,NA,NA,NA
"US1DCDC0009",2020-09-10,226,NA,NA,NA,NA,NA
"US1DCDC0009",2020-09-11,681,NA,NA,NA,NA,NA
"US1DCDC0009",2020-09-12,8,NA,NA,NA,NA,NA
"US1DCDC0009",2020-09-13,0,NA,NA,NA,NA,NA
"US1DCDC0009",2020-09-14,0,NA,NA,NA,NA,NA
"US1DCDC0009",2020-09-15,0,NA,NA,NA,NA,NA
"US1DCDC0009",2020-09-16,0,NA,NA,NA,NA,NA
"US1DCDC0009",2020-09-17,0,NA,NA,NA,NA,NA
"US1DCDC0009",2020-09-18,94,NA,NA,NA,NA,NA
"US1DCDC0009",2020-09-19,0,NA,NA,NA,NA,NA
"US1DCDC0009",2020-09-20,0,NA,NA,NA,NA,NA
"US1DCDC0009",2020-09-21,0,NA,NA,NA,NA,NA
"US1DCDC0009",2020-09-22,0,NA,NA,NA,NA,NA
"US1DCDC0009",2020-09-23,0,NA,NA,NA,NA,NA
"US1DCDC0009",2020-09-24,0,NA,NA,NA,NA,NA
"US1DCDC0009",2020-09-25,0,NA,NA,NA,NA,NA
"US1DCDC0009",2020-09-26,165,NA,NA,NA,NA,NA
"US1DCDC0009",2020-09-27,23,NA,NA,NA,NA,NA
"US1DCDC0009",2020-09-28,3,NA,NA,NA,NA,NA
"US1DCDC0009",2020-09-29,0,NA,NA,NA,NA,NA
"US1DCDC0009",2020-10-01,0,NA,NA,NA,NA,NA
"US1DCDC0009",2020-10-02,30,NA,NA,NA,NA,NA
"US1DCDC0009",2020-10-09,0,NA,NA,NA,NA,NA
"US1DCDC0009",2020-10-10,0,NA,NA,NA,NA,NA
"US1DCDC0009",2020-10-11,0,NA,NA,NA,NA,NA
"US1DCDC0009",2020-10-12,368,NA,NA,NA,NA,NA
"US1DCDC0009",2020-10-24,0,NA,NA,NA,NA,NA
"US1DCDC0009",2021-03-06,0,0,NA,NA,NA,NA
"US1DCDC0009",2021-03-07,0,0,NA,NA,NA,NA
"US1DCDC0009",2021-03-08,0,0,NA,NA,NA,NA
"US1DCDC0009",2021-03-09,0,0,NA,NA,NA,NA
"US1DCDC0009",2021-03-10,0,0,NA,NA,NA,NA
"US1DCDC0009",2021-03-11,0,0,NA,NA,NA,NA
"US1DCDC0009",2021-03-12,0,0,NA,NA,NA,NA
"US1DCDC0009",2021-03-13,0,0,NA,NA,NA,NA
"US1DCDC0009",2021-03-14,0,0,NA,NA,NA,NA
"US1DCDC0009",2021-03-15,0,0,NA,NA,NA,NA
"US1DCDC0009",2021-03-16,0,0,NA,NA,NA,NA
"US1DCDC0009",2021-03-17,0,NA,NA,NA,NA,NA
"US1DCDC0009",2021-03-18,51,NA,NA,NA,NA,NA
"US1DCDC0009",2021-03-19,64,NA,NA,NA,NA,NA
"US1DCDC0009",2021-03-20,0,0,NA,NA,NA,NA
"US1DCDC0009",2021-03-21,0,0,NA,NA,NA,NA
"US1DCDC0009",2021-03-22,0,0,NA,NA,NA,NA
"US1DCDC0009",2021-03-23,0,0,NA,NA,NA,NA
"US1DCDC0009",2021-03-25,NA,NA,2,384,NA,NA
"US1DCDC0009",2021-03-26,0,NA,NA,NA,NA,NA
"US1DCDC0009",2021-03-27,0,0,NA,NA,NA,NA
"US1DCDC0009",2021-03-30,0,0,NA,NA,NA,NA
"US1DCDC0009",2021-03-31,0,0,NA,NA,NA,NA
"US1DCDC0009",2021-04-01,264,NA,NA,NA,NA,NA
"US1DCDC0009",2021-04-02,0,NA,NA,NA,NA,NA
"US1DCDC0009",2021-04-03,0,0,NA,NA,NA,NA
"US1DCDC0009",2021-04-04,0,0,NA,NA,NA,NA
"US1DCDC0009",2021-04-05,0,0,NA,NA,NA,NA
"US1DCDC0009",2021-04-06,0,0,NA,NA,NA,NA
"US1DCDC0009",2021-04-07,0,0,NA,NA,NA,NA
"US1DCDC0009",2021-04-08,5,NA,NA,NA,NA,NA
"US1DCDC0009",2021-04-09,132,NA,NA,NA,NA,NA
"US1DCDC0009",2021-04-10,3,NA,NA,NA,NA,NA
"US1DCDC0009",2021-04-11,38,NA,NA,NA,NA,NA
"US1DCDC0009",2021-04-26,0,0,NA,NA,NA,NA
"US1DCDC0009",2021-04-27,0,0,NA,NA,NA,NA
"US1DCDC0009",2021-04-28,0,0,NA,NA,NA,NA
"US1DCDC0009",2021-04-29,0,NA,NA,NA,NA,NA
"US1DCDC0009",2021-04-30,5,NA,NA,NA,NA,NA
"US1DCDC0009",2021-05-01,0,0,NA,NA,NA,NA
"US1DCDC0009",2021-05-02,0,0,NA,NA,NA,NA
"US1DCDC0009",2021-05-03,5,NA,NA,NA,NA,NA
"US1DCDC0009",2021-05-04,23,NA,NA,NA,NA,NA
"US1DCDC0009",2021-05-05,102,NA,NA,NA,NA,NA
"US1DCDC0009",2021-05-06,8,NA,NA,NA,NA,NA
"US1DCDC0009",2021-05-07,0,0,NA,NA,NA,NA
"US1DCDC0009",2021-05-09,NA,NA,2,25,NA,NA
"US1DCDC0009",2021-05-10,0,0,NA,NA,NA,NA
"US1DCDC0009",2021-05-11,0,0,NA,NA,NA,NA
"US1DCDC0009",2021-05-13,0,0,NA,NA,NA,NA
"US1DCDC0009",2021-05-14,0,0,NA,NA,NA,NA
"US1DCDC0009",2021-05-15,0,0,NA,NA,NA,NA
"US1DCDC0009",2021-05-16,0,0,NA,NA,NA,NA
"US1DCDC0009",2021-05-17,0,NA,NA,NA,NA,NA
"US1DCDC0009",2021-05-18,0,0,NA,NA,NA,NA
"US1DCDC0009",2021-05-19,0,0,NA,NA,NA,NA
"US1DCDC0009",2021-05-20,0,0,NA,NA,NA,NA
"US1DCDC0009",2021-05-21,0,0,NA,NA,NA,NA
"US1DCDC0009",2021-05-22,0,0,NA,NA,NA,NA
"US1DCDC0009",2021-05-23,0,0,NA,NA,NA,NA
"US1DCDC0009",2021-05-24,18,NA,NA,NA,NA,NA
"US1DCDC0009",2021-05-25,71,NA,NA,NA,NA,NA
"US1DCDC0009",2021-05-26,0,0,NA,NA,NA,NA
"US1DCDC0009",2021-05-27,196,NA,NA,NA,NA,NA
"US1DCDC0009",2021-05-28,0,0,NA,NA,NA,NA
"US1DCDC0009",2021-05-29,401,NA,NA,NA,NA,NA
"US1DCDC0009",2021-05-30,201,NA,NA,NA,NA,NA
"US1DCDC0009",2021-05-31,0,NA,NA,NA,NA,NA
"US1DCDC0009",2021-06-01,0,0,NA,NA,NA,NA
"US1DCDC0009",2021-06-02,0,0,NA,NA,NA,NA
"US1DCDC0009",2021-06-03,13,NA,NA,NA,NA,NA
"US1DCDC0009",2021-06-04,10,NA,NA,NA,NA,NA
"US1DCDC0009",2021-06-05,0,NA,NA,NA,NA,NA
"US1DCDC0009",2021-06-06,0,0,NA,NA,NA,NA
"US1DCDC0009",2021-06-07,0,0,NA,NA,NA,NA
"US1DCDC0009",2021-06-08,0,0,NA,NA,NA,NA
"US1DCDC0009",2021-06-09,51,NA,NA,NA,NA,NA
"US1DCDC0009",2021-06-10,0,0,NA,NA,NA,NA
"US1DCDC0009",2021-06-11,259,NA,NA,NA,NA,NA
"US1DCDC0009",2021-06-12,279,NA,NA,NA,NA,NA
"US1DCDC0009",2021-06-13,0,NA,NA,NA,NA,NA
"US1DCDC0009",2021-06-14,3,NA,NA,NA,NA,NA
"US1DCDC0009",2021-06-15,475,NA,NA,NA,NA,NA
"US1DCDC0009",2021-06-16,0,NA,NA,NA,NA,NA
"US1DCDC0009",2021-06-17,0,0,NA,NA,NA,NA
"US1DCDC0009",2021-06-18,0,0,NA,NA,NA,NA
"US1DCDC0009",2021-06-19,0,0,NA,NA,NA,NA
"US1DCDC0009",2021-06-20,20,NA,NA,NA,NA,NA
"US1DCDC0009",2021-06-21,0,0,NA,NA,NA,NA
"US1DCDC0009",2021-06-22,0,NA,NA,NA,NA,NA
"US1DCDC0009",2021-06-23,89,NA,NA,NA,NA,NA
"US1DCDC0009",2021-06-24,0,0,NA,NA,NA,NA
"US1DCDC0009",2021-06-25,0,0,NA,NA,NA,NA
"US1DCDC0009",2021-09-21,0,0,NA,NA,NA,NA
"US1DCDC0009",2021-09-23,NA,NA,2,373,NA,NA
"US1DCDC0009",2021-09-24,30,NA,NA,NA,NA,NA
"US1DCDC0009",2021-09-25,0,0,NA,NA,NA,NA
"US1DCDC0009",2021-09-26,0,0,NA,NA,NA,NA
"US1DCDC0009",2021-09-27,0,0,NA,NA,NA,NA
"US1DCDC0009",2021-09-28,0,0,NA,NA,NA,NA
"US1DCDC0009",2021-09-29,0,0,NA,NA,NA,NA
"US1DCDC0009",2021-09-30,0,0,NA,NA,NA,NA
"US1DCDC0009",2021-10-01,0,0,NA,NA,NA,NA
"US1DCDC0009",2021-10-02,0,0,NA,NA,NA,NA
"US1DCDC0009",2021-10-03,0,0,NA,NA,NA,NA
"US1DCDC0009",2021-10-04,0,0,NA,NA,NA,NA
"US1DCDC0009",2021-10-05,0,0,NA,NA,NA,NA
"US1DCDC0009",2021-10-13,23,NA,NA,NA,NA,NA
"US1DCDC0009",2021-10-14,0,NA,NA,NA,NA,NA
"US1DCDC0009",2021-10-15,0,0,NA,NA,NA,NA
"US1DCDC0009",2021-10-16,0,0,NA,NA,NA,NA
"US1DCDC0009",2021-10-17,81,NA,NA,NA,NA,NA
"US1DCDC0009",2021-10-18,0,0,NA,NA,NA,NA
"US1DCDC0009",2021-10-19,0,0,NA,NA,NA,NA
"US1DCDC0009",2021-10-20,0,0,NA,NA,NA,NA
"US1DCDC0009",2021-10-21,0,0,NA,NA,NA,NA
"US1DCDC0009",2021-10-22,0,0,NA,NA,NA,NA
"US1DCDC0009",2021-10-23,0,0,NA,NA,NA,NA
"US1DCDC0009",2021-10-25,NA,NA,2,NA,NA,0
"US1DCDC0009",2021-10-26,424,NA,NA,NA,NA,NA
"US1DCDC0009",2021-10-27,0,NA,NA,NA,NA,NA
"US1DCDC0009",2021-10-29,28,NA,NA,NA,NA,NA
"US1DCDC0009",2021-10-30,287,NA,NA,NA,NA,NA
"US1DCDC0009",2021-10-31,0,NA,NA,NA,NA,NA
"US1DCDC0009",2021-11-01,0,0,NA,NA,NA,NA
"US1DCDC0009",2021-11-02,0,0,NA,NA,NA,NA
"US1DCDC0009",2021-11-03,28,NA,NA,NA,NA,NA
"US1DCDC0009",2021-11-04,0,0,NA,NA,NA,NA
"US1DCDC0009",2021-11-05,0,0,NA,NA,NA,NA
"US1DCDC0009",2021-11-06,0,0,NA,NA,NA,NA
"US1DCDC0009",2021-11-07,0,0,NA,NA,NA,NA
"US1DCDC0009",2021-11-08,0,0,NA,NA,NA,NA
"US1DCDC0009",2021-11-09,0,0,NA,NA,NA,NA
"US1DCDC0009",2021-11-10,0,0,NA,NA,NA,NA
"US1DCDC0009",2021-11-11,0,0,NA,NA,NA,NA
"US1DCDC0009",2021-11-12,155,NA,NA,NA,NA,NA
"US1DCDC0009",2021-11-13,8,NA,NA,NA,NA,NA
"US1DCDC0009",2021-11-14,8,NA,NA,NA,NA,NA
"US1DCDC0009",2021-11-15,0,0,NA,NA,NA,NA
"US1DCDC0009",2021-11-16,0,0,NA,NA,NA,NA
"US1DCDC0009",2021-11-17,0,0,NA,NA,NA,NA
"US1DCDC0009",2021-11-18,0,0,NA,NA,NA,NA
"US1DCDC0009",2021-11-19,20,NA,NA,NA,NA,NA
"US1DCDC0009",2021-11-20,0,0,NA,NA,NA,NA
"US1DCDC0009",2021-11-21,0,0,NA,NA,NA,NA
"US1DCDC0009",2021-11-22,18,NA,NA,NA,NA,NA
"US1DCDC0009",2021-11-28,NA,NA,6,25,NA,NA
"US1DCDC0009",2021-11-29,0,0,NA,NA,NA,NA
"US1DCDC0009",2021-11-30,0,0,NA,NA,NA,NA
"US1DCDC0009",2021-12-01,0,0,NA,NA,NA,NA
"US1DCDC0009",2021-12-02,3,NA,NA,NA,NA,NA
"US1DCDC0009",2021-12-05,0,0,NA,NA,NA,NA
"US1DCDC0009",2021-12-06,0,0,NA,NA,NA,NA
"US1DCDC0009",2021-12-07,0,0,NA,NA,NA,NA
"US1DCDC0009",2021-12-08,0,0,NA,NA,NA,NA
"US1DCDC0009",2021-12-09,0,0,NA,NA,NA,NA
"US1DCDC0009",2021-12-10,0,0,NA,NA,NA,NA
"US1DCDC0009",2021-12-11,0,0,NA,NA,NA,NA
"US1DCDC0009",2021-12-12,56,NA,NA,NA,NA,NA
"US1DCDC0009",2021-12-14,0,0,NA,NA,NA,NA
"US1DCDC0009",2021-12-15,0,0,NA,NA,NA,NA
"US1DCDC0009",2021-12-16,0,0,NA,NA,NA,NA
"US1DCDC0009",2021-12-17,0,0,NA,NA,NA,NA
"US1DCDC0009",2021-12-18,0,0,NA,NA,NA,NA
"US1DCDC0009",2021-12-20,NA,NA,2,3,NA,NA
"US1DCDC0009",2021-12-21,0,0,NA,NA,NA,NA
"US1DCDC0009",2021-12-22,18,NA,NA,NA,NA,NA
"US1DCDC0009",2021-12-23,0,0,NA,NA,NA,NA
"US1DCDC0009",2022-05-18,0,0,NA,NA,NA,NA
"US1DCDC0009",2022-05-21,0,0,NA,NA,NA,NA
"US1DCDC0009",2022-05-22,0,0,NA,NA,NA,NA
"US1DCDC0009",2022-05-23,356,NA,NA,NA,NA,NA
"US1DCDC0009",2022-05-24,81,NA,NA,NA,NA,NA
"US1DCDC0009",2022-05-25,8,NA,NA,NA,NA,NA
"US1DCDC0009",2022-05-26,0,0,NA,NA,NA,NA
"US1DCDC0009",2022-05-27,0,0,NA,NA,NA,NA
"US1DCDC0009",2024-04-09,0,0,NA,NA,NA,NA
"US1DCDC0009",2024-04-10,0,0,NA,NA,NA,NA
"US1DCDC0009",2024-04-11,0,0,NA,NA,NA,NA
"US1DCDC0009",2024-04-12,33,NA,NA,NA,NA,NA
"US1DCDC0009",2024-04-21,NA,NA,9,23,NA,NA
"US1DCDC0009",2024-04-22,0,0,NA,NA,NA,NA
"US1DCDC0009",2024-04-23,0,0,NA,NA,NA,NA
"US1DCDC0009",2024-04-24,0,0,NA,NA,NA,NA
"US1DCDC0009",2024-04-25,0,0,NA,NA,NA,NA
"US1DCDC0009",2024-04-26,0,0,NA,NA,NA,NA
"US1DCDC0009",2024-04-27,0,0,NA,NA,NA,NA
"US1DCDC0009",2024-04-28,13,NA,NA,NA,NA,NA
"US1DCDC0009",2024-04-29,0,0,NA,NA,NA,NA
"US1DCDC0009",2024-04-30,0,0,NA,NA,NA,NA
"US1DCDC0009",2024-05-01,5,NA,NA,NA,NA,NA
"US1DCDC0009",2024-05-02,0,0,NA,NA,NA,NA
"US1DCDC0009",2024-05-03,0,0,NA,NA,NA,NA
"US1DCDC0009",2024-05-04,249,NA,NA,NA,NA,NA
"US1DCDC0009",2024-05-05,130,NA,NA,NA,NA,NA
"US1DCDC0009",2024-05-07,NA,NA,2,28,NA,NA
"US1DCDC0009",2024-05-08,0,0,NA,NA,NA,NA
"US1DCDC0009",2024-05-09,0,0,NA,NA,NA,NA
"US1DCDC0009",2024-05-10,84,NA,NA,NA,NA,NA
"US1DCDC0009",2024-05-11,25,NA,NA,NA,NA,NA
"US1DCDC0009",2024-05-12,157,NA,NA,NA,NA,NA
"US1DCDC0009",2024-05-13,0,NA,NA,NA,NA,NA
"US1DCDC0009",2024-06-04,0,0,NA,NA,NA,NA
"US1DCDC0009",2024-06-05,0,0,NA,NA,NA,NA
"US1DCDC0009",2024-06-06,112,NA,NA,NA,NA,NA
"US1DCDC0009",2024-06-07,0,0,NA,NA,NA,NA
"US1DCDC0009",2024-06-09,0,0,NA,NA,NA,NA
"US1DCDC0009",2024-06-10,0,0,NA,NA,NA,NA
"US1DCDC0009",2024-06-11,5,NA,NA,NA,NA,NA
"US1DCDC0009",2024-07-02,0,0,NA,NA,NA,NA
"US1DCDC0009",2024-07-03,0,0,NA,NA,NA,NA
"US1DCDC0009",2024-07-04,0,0,NA,NA,NA,NA
"US1DCDC0009",2024-07-05,18,NA,NA,NA,NA,NA
"US1DCDC0009",2024-07-06,0,0,NA,NA,NA,NA
"US1DCDC0009",2024-07-07,0,0,NA,NA,NA,NA
"US1DCDC0009",2024-07-08,0,0,NA,NA,NA,NA
"US1DCDC0009",2024-07-09,0,0,NA,NA,NA,NA
"US1DCDC0009",2024-07-10,0,0,NA,NA,NA,NA
"US1DCDC0009",2024-07-11,30,NA,NA,NA,NA,NA
"US1DCDC0009",2024-07-12,0,NA,NA,NA,NA,NA
"US1DCDC0009",2024-08-20,0,NA,NA,NA,NA,NA
"US1DCDC0009",2024-08-21,0,0,NA,NA,NA,NA
"US1DCDC0009",2024-08-22,0,0,NA,NA,NA,NA
"US1DCDC0009",2024-08-23,0,0,NA,NA,NA,NA
"US1DCDC0009",2024-08-24,0,0,NA,NA,NA,NA
"US1DCDC0009",2024-08-25,0,0,NA,NA,NA,NA
"US1DCDC0009",2024-08-26,0,0,NA,NA,NA,NA
"US1DCDC0009",2024-08-27,102,0,NA,NA,NA,NA
"US1DCDC0009",2024-08-28,0,0,NA,NA,NA,NA
"US1DCDC0009",2024-08-29,0,0,NA,NA,NA,NA
"US1DCDC0009",2024-08-30,183,NA,NA,NA,NA,NA
"US1DCDC0009",2024-08-31,10,NA,NA,NA,NA,NA
"US1DCDC0009",2024-09-01,0,0,NA,NA,NA,NA
"US1DCDC0009",2024-09-02,0,0,NA,NA,NA,NA
"US1DCDC0009",2024-09-03,0,0,NA,NA,NA,NA
"US1DCDC0009",2024-09-04,0,0,NA,NA,NA,NA
"US1DCDC0009",2024-09-05,0,0,NA,NA,NA,NA
"US1DCDC0009",2024-09-06,0,0,NA,NA,NA,NA
"US1DCDC0009",2024-09-07,0,0,NA,NA,NA,NA
"US1DCDC0009",2024-09-08,0,0,NA,NA,NA,NA
"US1DCDC0009",2024-09-09,0,0,NA,NA,NA,NA
"US1DCDC0009",2024-09-10,0,0,NA,NA,NA,NA
"US1DCDC0009",2024-09-11,0,0,NA,NA,NA,NA
"US1DCDC0009",2024-09-12,0,0,NA,NA,NA,NA
"US1DCDC0009",2024-09-13,0,0,NA,NA,NA,NA
"US1DCDC0009",2024-09-14,0,0,NA,NA,NA,NA
"US1DCDC0009",2024-09-15,0,0,NA,NA,NA,NA
"US1DCDC0009",2024-09-16,0,0,NA,NA,NA,NA
"US1DCDC0009",2024-09-17,0,0,NA,NA,NA,NA
"US1DCDC0009",2024-09-18,221,NA,NA,NA,NA,NA
"US1DCDC0009",2024-09-19,10,NA,NA,NA,NA,NA
"US1DCDC0009",2024-09-20,0,0,NA,NA,NA,NA
"US1DCDC0009",2024-09-21,0,0,NA,NA,NA,NA
"US1DCDC0009",2024-09-22,69,NA,NA,NA,NA,NA
"US1DCDC0009",2024-09-23,0,0,NA,NA,NA,NA
"US1DCDC0009",2024-09-24,23,NA,NA,NA,NA,NA
"US1DCDC0009",2024-09-25,178,NA,NA,NA,NA,NA
"US1DCDC0009",2024-09-26,201,NA,NA,NA,NA,NA
"US1DCDC0009",2024-09-27,8,NA,NA,NA,NA,NA
"US1DCDC0009",2024-09-28,36,NA,NA,NA,NA,NA
"US1DCDC0009",2024-09-29,25,NA,NA,NA,NA,NA
"US1DCDC0009",2024-09-30,5,NA,NA,NA,NA,NA
"US1DCDC0009",2024-10-01,46,NA,NA,NA,NA,NA
"US1DCDC0009",2024-10-02,196,NA,NA,NA,NA,NA
"US1DCDC0009",2024-10-03,3,NA,NA,NA,NA,NA
"US1DCDC0009",2024-10-04,0,0,NA,NA,NA,NA
"US1DCDC0009",2024-10-05,0,0,NA,NA,NA,NA
"US1DCDC0009",2024-10-06,0,0,NA,NA,NA,NA
"US1DCDC0009",2024-10-07,0,0,NA,NA,NA,NA
"US1DCDC0009",2024-10-08,0,0,NA,NA,NA,NA
"US1DCDC0009",2024-10-09,0,0,NA,NA,NA,NA
"US1DCDC0009",2024-10-15,NA,NA,6,0,NA,NA
"US1DCDC0009",2024-10-16,0,0,NA,NA,NA,NA
"US1DCDC0009",2024-10-17,0,0,NA,NA,NA,NA
"US1DCDC0009",2024-10-18,0,0,NA,NA,NA,NA
"US1DCDC0009",2024-10-19,0,0,NA,NA,NA,NA
"US1DCDC0009",2024-10-20,0,0,NA,NA,NA,NA
"US1DCDC0009",2024-10-21,0,0,NA,NA,NA,NA
"US1DCDC0009",2024-10-22,0,0,NA,NA,NA,NA
"US1DCDC0009",2024-10-23,0,0,NA,NA,NA,NA
"US1DCDC0009",2024-10-24,0,0,NA,NA,NA,NA
"US1DCDC0009",2024-10-25,0,0,NA,NA,NA,NA
"US1DCDC0009",2024-10-26,0,0,NA,NA,NA,NA
"US1DCDC0009",2024-10-27,0,0,NA,NA,NA,NA
"US1DCDC0009",2024-10-28,0,0,NA,NA,NA,NA
"US1DCDC0009",2024-10-29,0,0,NA,NA,NA,NA
"US1DCDC0009",2024-10-30,0,0,NA,NA,NA,NA
"US1DCDC0009",2024-10-31,0,0,NA,NA,NA,NA
"US1DCDC0009",2024-11-01,0,0,NA,NA,NA,NA
"US1DCDC0009",2024-11-02,0,0,NA,NA,NA,NA
"US1DCDC0009",2024-11-03,0,0,NA,NA,NA,NA
"US1DCDC0009",2024-11-04,0,0,NA,NA,NA,NA
"US1DCDC0009",2024-11-05,0,0,NA,NA,NA,NA
"US1DCDC0009",2024-11-06,0,0,NA,NA,NA,NA
"US1DCDC0009",2024-11-07,0,0,NA,NA,NA,NA
"US1DCDC0009",2024-11-08,0,0,NA,NA,NA,NA
"US1DCDC0009",2024-11-09,0,0,NA,NA,NA,NA
"US1DCDC0009",2024-11-10,0,0,NA,NA,NA,NA
"US1DCDC0009",2024-11-11,51,NA,NA,NA,NA,NA
"US1DCDC0009",2024-11-12,0,0,NA,NA,NA,NA
"US1DCDC0009",2024-11-13,0,0,NA,NA,NA,NA
"US1DCDC0009",2024-11-14,0,0,NA,NA,NA,NA
"US1DCDC0009",2024-11-15,53,NA,NA,NA,NA,NA
"US1DCDC0009",2024-11-16,0,0,NA,NA,NA,NA
"US1DCDC0009",2024-11-17,0,0,NA,NA,NA,NA
"US1DCDC0009",2024-11-18,0,0,NA,NA,NA,NA
"US1DCDC0009",2024-11-19,0,0,NA,NA,NA,NA
"US1DCDC0009",2024-11-20,5,0,NA,NA,NA,NA
"US1DCDC0009",2024-11-21,196,NA,NA,NA,NA,NA
"US1DCDC0009",2024-11-22,3,NA,NA,NA,NA,NA
"US1DCDC0009",2024-11-23,48,NA,NA,NA,NA,NA
"US1DCDC0009",2024-11-24,0,0,NA,NA,NA,NA
"US1DCDC0009",2024-11-25,0,0,NA,NA,NA,NA
"US1DCDC0009",2024-11-26,18,NA,NA,NA,NA,NA
"US1DCDC0009",2024-12-02,NA,NA,6,69,NA,NA
"US1DCDC0009",2024-12-03,0,0,NA,NA,NA,NA
"US1DCDC0009",2024-12-04,0,0,NA,NA,NA,NA
"US1DCDC0009",2024-12-05,0,0,NA,NA,NA,NA
"US1DCDC0009",2024-12-06,0,0,NA,NA,NA,NA
"US1DCDC0009",2024-12-07,0,0,NA,NA,NA,NA
"US1DCDC0009",2024-12-08,0,0,NA,NA,NA,NA
"US1DCDC0009",2024-12-09,0,0,NA,NA,NA,NA
"US1DCDC0009",2024-12-10,15,NA,NA,NA,NA,NA
"US1DCDC0009",2024-12-11,61,NA,NA,NA,NA,NA
"US1DCDC0009",2024-12-12,246,NA,NA,NA,NA,NA
"US1DCDC0009",2024-12-13,0,NA,NA,NA,NA,NA
"US1DCDC0009",2024-12-14,0,0,NA,NA,NA,NA
"US1DCDC0009",2024-12-15,0,0,NA,NA,NA,NA
"US1DCDC0009",2024-12-16,165,NA,NA,NA,NA,NA
"US1DCDC0009",2024-12-18,NA,NA,2,0,NA,NA
"US1DCDC0009",2024-12-19,33,NA,NA,NA,NA,NA
"US1DCDC0009",2024-12-20,0,NA,NA,NA,NA,NA
"US1DCDC0009",2025-01-02,NA,NA,7,251,NA,NA
